/* Generated by tools/make_fonts.py from BarlowCondensed-Bold.ttf at 40 px. Do not edit. */
#ifdef LV_LVGL_H_INCLUDE_SIMPLE
#include "lvgl.h"
#else
#include "lvgl/lvgl.h"
#endif
#ifndef BARLOW_COND_BOLD_40
#define BARLOW_COND_BOLD_40 1
#endif
#if BARLOW_COND_BOLD_40

static const uint8_t glyph_bitmap[] = {
    0x3f, 0xff, 0xff, 0x44, 0xff, 0xff, 0xf5, 0x3f, 0xff, 0xff, 0x43, 0xff, 0xff, 0xf4, 0x2f, 0xff,
    0xff, 0x42, 0xff, 0xff, 0xf3, 0x1f, 0xff, 0xff, 0x31, 0xff, 0xff, 0xf2, 0x0f, 0xff, 0xff, 0x20,
    0xff, 0xff, 0xf1, 0x0e, 0xff, 0xff, 0x10, 0xef, 0xff, 0xf0, 0x0d, 0xff, 0xff, 0x00, 0xdf, 0xff,
    0xe0, 0x0c, 0xff, 0xfe, 0x00, 0xcf, 0xff, 0xd0, 0x0b, 0xff, 0xfd, 0x00, 0xbf, 0xff, 0xc0, 0x09,
    0xff, 0xfb, 0x00, 0x00, 0x00, 0x00, 0x00, 0x00, 0x00, 0x00, 0x00, 0x00, 0x00, 0x04, 0xce, 0xd6,
    0x02, 0xff, 0xff, 0xf4, 0x7f, 0xff, 0xff, 0x97, 0xff, 0xff, 0xf9, 0x2f, 0xff, 0xff, 0x40, 0x4c,
    0xed, 0x50, 0x5f, 0xff, 0xfc, 0x01, 0xff, 0xff, 0xf2, 0x5f, 0xff, 0xfc, 0x00, 0xff, 0xff, 0xf2,
    0x4f, 0xff, 0xfb, 0x00, 0xef, 0xff, 0xf1, 0x3f, 0xff, 0xfa, 0x00, 0xdf, 0xff, 0xf0, 0x2f, 0xff,
    0xf9, 0x00, 0xcf, 0xff, 0xe0, 0x1f, 0xff, 0xf8, 0x00, 0xbf, 0xff, 0xd0, 0x0f, 0xff, 0xf7, 0x00,
    0xaf, 0xff, 0xc0, 0x0e, 0xff, 0xf6, 0x00, 0x9f, 0xff, 0xb0, 0x0c, 0xff, 0xf5, 0x00, 0x7f, 0xff,
    0xa0, 0x00, 0x00, 0x00, 0x22, 0x22, 0x20, 0x00, 0x01, 0x22, 0x22, 0x10, 0x00, 0x00, 0x00, 0x5f,
    0xff, 0xff, 0x40, 0x00, 0xef, 0xff, 0xfa, 0x00, 0x00, 0x00, 0x07, 0xff, 0xff, 0xf2, 0x00, 0x2f,
    0xff, 0xff, 0x80, 0x00, 0x00, 0x00, 0x9f, 0xff, 0xff, 0x00, 0x04, 0xff, 0xff, 0xf6, 0x00, 0x00,
    0x00, 0x0b, 0xff, 0xff, 0xd0, 0x00, 0x6f, 0xff, 0xff, 0x40, 0x00, 0x00, 0x00, 0xef, 0xff, 0xfb,
    0x00, 0x08, 0xff, 0xff, 0xf2, 0x00, 0x00, 0x00, 0x1f, 0xff, 0xff, 0x90, 0x00, 0xaf, 0xff, 0xff,
    0x00, 0x00, 0x3f, 0xff, 0xff, 0xff, 0xff, 0xff, 0xff, 0xff, 0xff, 0xff, 0xf3, 0x04, 0xff, 0xff,
    0xff, 0xff, 0xff, 0xff, 0xff, 0xff, 0xff, 0xff, 0x40, 0x4f, 0xff, 0xff, 0xff, 0xff, 0xff, 0xff,
    0xff, 0xff, 0xff, 0xf4, 0x04, 0xff, 0xff, 0xff, 0xff, 0xff, 0xff, 0xff, 0xff, 0xff, 0xff, 0x40,
    0x2d, 0xdf, 0xff, 0xff, 0xfd, 0xdd, 0xef, 0xff, 0xff, 0xdd, 0xd3, 0x00, 0x00, 0xef, 0xff, 0xfb,
    0x00, 0x09, 0xff, 0xff, 0xf1, 0x00, 0x00, 0x00, 0x1f, 0xff, 0xff, 0x80, 0x00, 0xbf, 0xff, 0xfe,
    0x00, 0x00, 0x00, 0x03, 0xff, 0xff, 0xf6, 0x00, 0x0d, 0xff, 0xff, 0xc0, 0x00, 0x00, 0x00, 0x6f,
    0xff, 0xff, 0x40, 0x00, 0xff, 0xff, 0xf9, 0x00, 0x00, 0x7d, 0xde, 0xff, 0xff, 0xfe, 0xdd, 0xdf,
    0xff, 0xff, 0xed, 0xa0, 0x0a, 0xff, 0xff, 0xff, 0xff, 0xff, 0xff, 0xff, 0xff, 0xff, 0xfd, 0x00,
    0xaf, 0xff, 0xff, 0xff, 0xff, 0xff, 0xff, 0xff, 0xff, 0xff, 0xd0, 0x0a, 0xff, 0xff, 0xff, 0xff,
    0xff, 0xff, 0xff, 0xff, 0xff, 0xfd, 0x00, 0x9f, 0xff, 0xff, 0xff, 0xff, 0xff, 0xff, 0xff, 0xff,
    0xff, 0xc0, 0x00, 0x04, 0xff, 0xff, 0xf6, 0x00, 0x0e, 0xff, 0xff, 0xb0, 0x00, 0x00, 0x00, 0x6f,
    0xff, 0xff, 0x30, 0x01, 0xff, 0xff, 0xf9, 0x00, 0x00, 0x00, 0x09, 0xff, 0xff, 0xf1, 0x00, 0x3f,
    0xff, 0xff, 0x60, 0x00, 0x00, 0x00, 0xbf, 0xff, 0xfe, 0x00, 0x06, 0xff, 0xff, 0xf4, 0x00, 0x00,
    0x00, 0x0d, 0xff, 0xff, 0xc0, 0x00, 0x8f, 0xff, 0xff, 0x20, 0x00, 0x00, 0x00, 0xcd, 0xdd, 0xd7,
    0x00, 0x07, 0xdd, 0xdd, 0xc0, 0x00, 0x00, 0x00, 0x00, 0x00, 0x03, 0xff, 0xfc, 0x00, 0x00, 0x00,
    0x00, 0x00, 0x04, 0xff, 0xfd, 0x00, 0x00, 0x00, 0x00, 0x00, 0x04, 0xff, 0xfd, 0x00, 0x00, 0x00,
    0x00, 0x00, 0x4a, 0xff, 0xfe, 0x72, 0x00, 0x00, 0x00, 0x2c, 0xff, 0xff, 0xff, 0xff, 0x80, 0x00,
    0x02, 0xef, 0xff, 0xff, 0xff, 0xff, 0xfa, 0x00, 0x0c, 0xff, 0xff, 0xff, 0xff, 0xff, 0xff, 0x60,
    0x5f, 0xff, 0xff, 0xff, 0xff, 0xff, 0xff, 0xe0, 0xaf, 0xff, 0xff, 0x81, 0x3c, 0xff, 0xff, 0xf4,
    0xdf, 0xff, 0xfd, 0x00, 0x03, 0xff, 0xff, 0xf7, 0xef, 0xff, 0xfa, 0x00, 0x00, 0xff, 0xff, 0xf9,
    0xdf, 0xff, 0xfc, 0x00, 0x00, 0xef, 0xff, 0xf9, 0xbf, 0xff, 0xff, 0x30, 0x00, 0x34, 0x44, 0x41,
    0x6f, 0xff, 0xff, 0xd2, 0x00, 0x00, 0x00, 0x00, 0x1e, 0xff, 0xff, 0xfe, 0x40, 0x00, 0x00, 0x00,
    0x06, 0xff, 0xff, 0xff, 0xf8, 0x00, 0x00, 0x00, 0x00, 0x9f, 0xff, 0xff, 0xff, 0xb1, 0x00, 0x00,
    0x00, 0x09, 0xff, 0xff, 0xff, 0xfd, 0x20, 0x00, 0x00, 0x00, 0x6f, 0xff, 0xff, 0xff, 0xe3, 0x00,
    0x00, 0x00, 0x03, 0xdf, 0xff, 0xff, 0xfe, 0x20, 0x00, 0x00, 0x00, 0x1a, 0xff, 0xff, 0xff, 0xc0,
    0x00, 0x00, 0x00, 0x00, 0x7f, 0xff, 0xff, 0xf4, 0x12, 0x22, 0x21, 0x00, 0x07, 0xff, 0xff, 0xf9,
    0xcf, 0xff, 0xfb, 0x00, 0x00, 0xef, 0xff, 0xfb, 0xcf, 0xff, 0xfc, 0x00, 0x00, 0xcf, 0xff, 0xfc,
    0xbf, 0xff, 0xfe, 0x10, 0x01, 0xef, 0xff, 0xfb, 0x9f, 0xff, 0xff, 0xb2, 0x2a, 0xff, 0xff, 0xf8,
    0x4f, 0xff, 0xff, 0xff, 0xff, 0xff, 0xff, 0xf3, 0x0c, 0xff, 0xff, 0xff, 0xff, 0xff, 0xff, 0xb0,
    0x03, 0xef, 0xff, 0xff, 0xff, 0xff, 0xfe, 0x20, 0x00, 0x3d, 0xff, 0xff, 0xff, 0xff, 0xd3, 0x00,
    0x00, 0x01, 0x7d, 0xff, 0xff, 0xc6, 0x00, 0x00, 0x00, 0x00, 0x04, 0xff, 0xfd, 0x00, 0x00, 0x00,
    0x00, 0x00, 0x04, 0xff, 0xfe, 0x00, 0x00, 0x00, 0x00, 0x00, 0x03, 0xff, 0xfd, 0x00, 0x00, 0x00,
    0x00, 0x01, 0x7c, 0xee, 0xc6, 0x10, 0x00, 0x00, 0x00, 0x08, 0xff, 0xf6, 0x00, 0x00, 0x00, 0x3d,
    0xff, 0xff, 0xff, 0xd2, 0x00, 0x00, 0x00, 0x2f, 0xff, 0xe1, 0x00, 0x00, 0x02, 0xef, 0xff, 0xff,
    0xff, 0xfd, 0x10, 0x00, 0x00, 0x9f, 0xff, 0x70, 0x00, 0x00, 0x0a, 0xff, 0xe5, 0x11, 0x5e, 0xff,
    0x80, 0x00, 0x02, 0xff, 0xfd, 0x00, 0x00, 0x00, 0x1f, 0xff, 0x30, 0x00, 0x04, 0xff, 0xe0, 0x00,
    0x0a, 0xff, 0xf6, 0x00, 0x00, 0x00, 0x3f, 0xfd, 0x00, 0x00, 0x00, 0xef, 0xf1, 0x00, 0x3f, 0xff,
    0xc0, 0x00, 0x00, 0x00, 0x2f, 0xfd, 0x00, 0x00, 0x00, 0xef, 0xf1, 0x00, 0xbf, 0xff, 0x40, 0x00,
    0x00, 0x00, 0x0f, 0xff, 0x40, 0x00, 0x05, 0xff, 0xe0, 0x04, 0xff, 0xfb, 0x00, 0x00, 0x00, 0x00,
    0x09, 0xff, 0xe6, 0x11, 0x6e, 0xff, 0x80, 0x0c, 0xff, 0xf3, 0x00, 0x00, 0x00, 0x00, 0x01, 0xdf,
    0xff, 0xff, 0xff, 0xfd, 0x10, 0x6f, 0xff, 0xa0, 0x00, 0x00, 0x00, 0x00, 0x00, 0x2c, 0xff, 0xff,
    0xff, 0xc2, 0x00, 0xdf, 0xff, 0x20, 0x00, 0x00, 0x00, 0x00, 0x00, 0x00, 0x6b, 0xdd, 0xb6, 0x00,
    0x07, 0xff, 0xf9, 0x00, 0x00, 0x00, 0x00, 0x00, 0x00, 0x00, 0x00, 0x00, 0x00, 0x00, 0x1e, 0xff,
    0xf2, 0x00, 0x00, 0x00, 0x00, 0x00, 0x00, 0x00, 0x00, 0x00, 0x00, 0x00, 0x8f, 0xff, 0x80, 0x00,
    0x00, 0x00, 0x00, 0x00, 0x00, 0x00, 0x00, 0x00, 0x00, 0x01, 0xef, 0xfe, 0x10, 0x00, 0x00, 0x00,
    0x00, 0x00, 0x00, 0x00, 0x00, 0x00, 0x00, 0x09, 0xff, 0xf7, 0x00, 0x17, 0xce, 0xc9, 0x30, 0x00,
    0x00, 0x00, 0x00, 0x00, 0x00, 0x2f, 0xff, 0xd1, 0x04, 0xef, 0xff, 0xff, 0xf8, 0x00, 0x00, 0x00,
    0x00, 0x00, 0x00, 0xaf, 0xff, 0x60, 0x2e, 0xff, 0xff, 0xff, 0xff, 0x70, 0x00, 0x00, 0x00, 0x00,
    0x03, 0xff, 0xfd, 0x00, 0xcf, 0xfd, 0x40, 0x2a, 0xff, 0xf2, 0x00, 0x00, 0x00, 0x00, 0x0b, 0xff,
    0xf5, 0x03, 0xff, 0xf2, 0x00, 0x00, 0xcf, 0xf8, 0x00, 0x00, 0x00, 0x00, 0x4f, 0xff, 0xc0, 0x06,
    0xff, 0xa0, 0x00, 0x00, 0x5f, 0xfb, 0x00, 0x00, 0x00, 0x00, 0xcf, 0xff, 0x40, 0x07, 0xff, 0x80,
    0x00, 0x00, 0x3f, 0xfd, 0x00, 0x00, 0x00, 0x05, 0xff, 0xfb, 0x00, 0x06, 0xff, 0xa0, 0x00, 0x00,
    0x4f, 0xfb, 0x00, 0x00, 0x00, 0x0d, 0xff, 0xf3, 0x00, 0x03, 0xff, 0xe2, 0x00, 0x00, 0xbf, 0xf8,
    0x00, 0x00, 0x00, 0x6f, 0xff, 0x90, 0x00, 0x00, 0xcf, 0xfc, 0x30, 0x19, 0xff, 0xf2, 0x00, 0x00,
    0x01, 0xef, 0xff, 0x20, 0x00, 0x00, 0x3e, 0xff, 0xfe, 0xff, 0xff, 0x70, 0x00, 0x00, 0x07, 0xff,
    0xf8, 0x00, 0x00, 0x00, 0x04, 0xef, 0xff, 0xff, 0xf8, 0x00, 0x00, 0x00, 0x0e, 0xff, 0xe1, 0x00,
    0x00, 0x00, 0x00, 0x28, 0xde, 0xda, 0x40, 0x00, 0x00, 0x00, 0x05, 0xad, 0xfe, 0xc8, 0x30, 0x00,
    0x00, 0x00, 0x00, 0x00, 0x02, 0xcf, 0xff, 0xff, 0xff, 0xf9, 0x10, 0x00, 0x00, 0x00, 0x00, 0x2d,
    0xff, 0xff, 0xff, 0xff, 0xff, 0xc0, 0x00, 0x00, 0x00, 0x00, 0xaf, 0xff, 0xff, 0xff, 0xff, 0xff,
    0xf8, 0x00, 0x00, 0x00, 0x02, 0xff, 0xff, 0xff, 0xee, 0xff, 0xff, 0xfe, 0x10, 0x00, 0x00, 0x05,
    0xff, 0xff, 0xfa, 0x00, 0xaf, 0xff, 0xff, 0x50, 0x00, 0x00, 0x07, 0xff, 0xff, 0xf3, 0x00, 0x3f,
    0xff, 0xff, 0x70, 0x00, 0x00, 0x07, 0xff, 0xff, 0xf3, 0x00, 0x2f, 0xff, 0xff, 0x80, 0x00, 0x00,
    0x05, 0xff, 0xff, 0xf6, 0x00, 0x6f, 0xff, 0xff, 0x70, 0x00, 0x00, 0x01, 0xff, 0xff, 0xfd, 0x02,
    0xef, 0xff, 0xff, 0x30, 0x00, 0x00, 0x00, 0x8f, 0xff, 0xff, 0xae, 0xff, 0xff, 0xfc, 0x00, 0x00,
    0x00, 0x00, 0x1d, 0xff, 0xff, 0xff, 0xff, 0xff, 0xe2, 0x00, 0x00, 0x00, 0x00, 0x03, 0xff, 0xff,
    0xff, 0xff, 0xff, 0x40, 0x00, 0x00, 0x00, 0x00, 0x00, 0xbf, 0xff, 0xff, 0xff, 0xe4, 0x00, 0x00,
    0x00, 0x00, 0x00, 0x1a, 0xff, 0xff, 0xff, 0xfe, 0x20, 0x00, 0x00, 0x00, 0x00, 0x00, 0xbf, 0xff,
    0xff, 0xff, 0xff, 0x70, 0x00, 0x1a, 0x30, 0x00, 0x08, 0xff, 0xff, 0xff, 0xff, 0xff, 0xf4, 0x00,
    0x9f, 0xf9, 0x20, 0x2f, 0xff, 0xff, 0xfa, 0xff, 0xff, 0xfe, 0x23, 0xff, 0xff, 0xe3, 0x8f, 0xff,
    0xff, 0x90, 0x6f, 0xff, 0xff, 0xcd, 0xff, 0xff, 0xd1, 0xcf, 0xff, 0xfe, 0x10, 0x08, 0xff, 0xff,
    0xff, 0xff, 0xff, 0x50, 0xdf, 0xff, 0xfc, 0x00, 0x00, 0xbf, 0xff, 0xff, 0xff, 0xfb, 0x00, 0xdf,
    0xff, 0xfe, 0x10, 0x00, 0x1d, 0xff, 0xff, 0xff, 0xe1, 0x00, 0xcf, 0xff, 0xff, 0xa1, 0x01, 0x6e,
    0xff, 0xff, 0xff, 0x60, 0x00, 0x9f, 0xff, 0xff, 0xff, 0xdf, 0xff, 0xff, 0xff, 0xff, 0xc0, 0x00,
    0x3f, 0xff, 0xff, 0xff, 0xff, 0xff, 0xff, 0xff, 0xff, 0xf9, 0x00, 0x08, 0xff, 0xff, 0xff, 0xff,
    0xff, 0xff, 0xff, 0xff, 0xff, 0x50, 0x00, 0x7f, 0xff, 0xff, 0xff, 0xff, 0xfc, 0x6f, 0xff, 0xff,
    0xe2, 0x00, 0x02, 0x7b, 0xef, 0xfe, 0xb8, 0x30, 0x06, 0xff, 0xff, 0xfa, 0x5f, 0xff, 0xff, 0x25,
    0xff, 0xff, 0xf2, 0x4f, 0xff, 0xff, 0x13, 0xff, 0xff, 0xf0, 0x2f, 0xff, 0xfe, 0x02, 0xff, 0xff,
    0xd0, 0x1f, 0xff, 0xfc, 0x00, 0xff, 0xff, 0xb0, 0x0d, 0xff, 0xf9, 0x00, 0x00, 0x00, 0x9f, 0xff,
    0xfe, 0x00, 0x03, 0xff, 0xff, 0xf9, 0x00, 0x0b, 0xff, 0xff, 0xf3, 0x00, 0x4f, 0xff, 0xff, 0xd0,
    0x00, 0xaf, 0xff, 0xff, 0x70, 0x01, 0xff, 0xff, 0xff, 0x20, 0x06, 0xff, 0xff, 0xfd, 0x00, 0x0a,
    0xff, 0xff, 0xf9, 0x00, 0x0e, 0xff, 0xff, 0xf5, 0x00, 0x3f, 0xff, 0xff, 0xf2, 0x00, 0x6f, 0xff,
    0xff, 0xe0, 0x00, 0x8f, 0xff, 0xff, 0xc0, 0x00, 0xaf, 0xff, 0xff, 0xa0, 0x00, 0xcf, 0xff, 0xff,
    0x80, 0x00, 0xdf, 0xff, 0xff, 0x70, 0x00, 0xef, 0xff, 0xff, 0x70, 0x00, 0xef, 0xff, 0xff, 0x60,
    0x00, 0xef, 0xff, 0xff, 0x60, 0x00, 0xef, 0xff, 0xff, 0x70, 0x00, 0xdf, 0xff, 0xff, 0x70, 0x00,
    0xcf, 0xff, 0xff, 0x80, 0x00, 0xbf, 0xff, 0xff, 0x90, 0x00, 0x9f, 0xff, 0xff, 0xc0, 0x00, 0x6f,
    0xff, 0xff, 0xe0, 0x00, 0x3f, 0xff, 0xff, 0xf2, 0x00, 0x0e, 0xff, 0xff, 0xf5, 0x00, 0x0b, 0xff,
    0xff, 0xf9, 0x00, 0x06, 0xff, 0xff, 0xfd, 0x00, 0x01, 0xff, 0xff, 0xff, 0x20, 0x00, 0xaf, 0xff,
    0xff, 0x60, 0x00, 0x3f, 0xff, 0xff, 0xc0, 0x00, 0x0b, 0xff, 0xff, 0xf3, 0x00, 0x03, 0xff, 0xff,
    0xf9, 0x00, 0x00, 0x9f, 0xff, 0xfe, 0x8f, 0xff, 0xfe, 0x20, 0x00, 0x03, 0xff, 0xff, 0xfa, 0x00,
    0x00, 0x0c, 0xff, 0xff, 0xf3, 0x00, 0x00, 0x6f, 0xff, 0xff, 0xa0, 0x00, 0x01, 0xff, 0xff, 0xff,
    0x10, 0x00, 0x0b, 0xff, 0xff, 0xf7, 0x00, 0x00, 0x6f, 0xff, 0xff, 0xc0, 0x00, 0x02, 0xff, 0xff,
    0xff, 0x20, 0x00, 0x0d, 0xff, 0xff, 0xf6, 0x00, 0x00, 0x9f, 0xff, 0xff, 0xa0, 0x00, 0x07, 0xff,
    0xff, 0xfd, 0x00, 0x00, 0x4f, 0xff, 0xff, 0xf0, 0x00, 0x02, 0xff, 0xff, 0xff, 0x20, 0x00, 0x1f,
    0xff, 0xff, 0xf4, 0x00, 0x00, 0xff, 0xff, 0xff, 0x50, 0x00, 0x0e, 0xff, 0xff, 0xf5, 0x00, 0x00,
    0xef, 0xff, 0xff, 0x60, 0x00, 0x0e, 0xff, 0xff, 0xf6, 0x00, 0x00, 0xff, 0xff, 0xff, 0x50, 0x00,
    0x1f, 0xff, 0xff, 0xf5, 0x00, 0x02, 0xff, 0xff, 0xff, 0x30, 0x00, 0x3f, 0xff, 0xff, 0xf2, 0x00,
    0x05, 0xff, 0xff, 0xff, 0x00, 0x00, 0x8f, 0xff, 0xff, 0xc0, 0x00, 0x0a, 0xff, 0xff, 0xfa, 0x00,
    0x00, 0xdf, 0xff, 0xff, 0x60, 0x00, 0x2f, 0xff, 0xff, 0xf2, 0x00, 0x06, 0xff, 0xff, 0xfc, 0x00,
    0x00, 0xbf, 0xff, 0xff, 0x70, 0x00, 0x1e, 0xff, 0xff, 0xf2, 0x00, 0x06, 0xff, 0xff, 0xfa, 0x00,
    0x00, 0xcf, 0xff, 0xff, 0x30, 0x00, 0x3f, 0xff, 0xff, 0xa0, 0x00, 0x08, 0xff, 0xff, 0xe2, 0x00,
    0x00, 0x00, 0x00, 0x04, 0xff, 0xc0, 0x00, 0x00, 0x00, 0x00, 0x05, 0xff, 0xc0, 0x00, 0x00, 0x02,
    0xa2, 0x05, 0xff, 0xc0, 0x07, 0x70, 0x09, 0xff, 0x85, 0xff, 0xc3, 0xcf, 0xf2, 0x2f, 0xff, 0xff,
    0xff, 0xff, 0xff, 0xf9, 0x18, 0xff, 0xff, 0xff, 0xff, 0xff, 0xc3, 0x00, 0x2a, 0xff, 0xff, 0xff,
    0xe6, 0x00, 0x00, 0x07, 0xff, 0xff, 0xff, 0xc3, 0x00, 0x05, 0xdf, 0xff, 0xff, 0xff, 0xff, 0x91,
    0x2f, 0xff, 0xff, 0xff, 0xff, 0xff, 0xfa, 0x0b, 0xff, 0xa7, 0xff, 0xc6, 0xef, 0xf3, 0x02, 0xc4,
    0x05, 0xff, 0xc0, 0x1a, 0xa0, 0x00, 0x00, 0x05, 0xff, 0xc0, 0x00, 0x00, 0x00, 0x00, 0x04, 0xff,
    0xc0, 0x00, 0x00, 0x00, 0x00, 0x00, 0x4f, 0xff, 0xc0, 0x00, 0x00, 0x00, 0x00, 0x00, 0x05, 0xff,
    0xfd, 0x00, 0x00, 0x00, 0x00, 0x00, 0x00, 0x5f, 0xff, 0xd0, 0x00, 0x00, 0x00, 0x00, 0x00, 0x05,
    0xff, 0xfd, 0x00, 0x00, 0x00, 0x00, 0x00, 0x00, 0x5f, 0xff, 0xd0, 0x00, 0x00, 0x00, 0x00, 0x00,
    0x06, 0xff, 0xfd, 0x00, 0x00, 0x00, 0x0e, 0xff, 0xff, 0xff, 0xff, 0xff, 0xff, 0xff, 0x81, 0xff,
    0xff, 0xff, 0xff, 0xff, 0xff, 0xff, 0xf9, 0x1f, 0xff, 0xff, 0xff, 0xff, 0xff, 0xff, 0xff, 0x91,
    0xff, 0xff, 0xff, 0xff, 0xff, 0xff, 0xff, 0xf9, 0x0c, 0xdd, 0xdd, 0xef, 0xff, 0xfd, 0xdd, 0xdd,
    0x70, 0x00, 0x00, 0x05, 0xff, 0xfd, 0x00, 0x00, 0x00, 0x00, 0x00, 0x00, 0x5f, 0xff, 0xd0, 0x00,
    0x00, 0x00, 0x00, 0x00, 0x05, 0xff, 0xfd, 0x00, 0x00, 0x00, 0x00, 0x00, 0x00, 0x5f, 0xff, 0xd0,
    0x00, 0x00, 0x00, 0x00, 0x00, 0x05, 0xff, 0xfc, 0x00, 0x00, 0x00, 0x0d, 0xff, 0xff, 0x0f, 0xff,
    0xfd, 0x2f, 0xff, 0xf9, 0x3f, 0xff, 0xf6, 0x5f, 0xff, 0xf2, 0x6f, 0xff, 0xe0, 0x8f, 0xff, 0xa0,
    0x9f, 0xff, 0x70, 0xbf, 0xff, 0x30, 0xbf, 0xfe, 0x00, 0x0c, 0xdd, 0xdd, 0xdd, 0xdd, 0xdd, 0x31,
    0xff, 0xff, 0xff, 0xff, 0xff, 0xf4, 0x1f, 0xff, 0xff, 0xff, 0xff, 0xff, 0x41, 0xff, 0xff, 0xff,
    0xff, 0xff, 0xf4, 0x0e, 0xff, 0xff, 0xff, 0xff, 0xff, 0x30, 0x05, 0xce, 0xc5, 0x04, 0xff, 0xff,
    0xf3, 0x9f, 0xff, 0xff, 0x89, 0xff, 0xff, 0xf8, 0x4f, 0xff, 0xff, 0x30, 0x5c, 0xec, 0x40, 0x00,
    0x00, 0x00, 0x00, 0x08, 0xff, 0xff, 0xf0, 0x00, 0x00, 0x00, 0x00, 0xdf, 0xff, 0xfc, 0x00, 0x00,
    0x00, 0x00, 0x3f, 0xff, 0xff, 0x70, 0x00, 0x00, 0x00, 0x08, 0xff, 0xff, 0xf2, 0x00, 0x00, 0x00,
    0x00, 0xdf, 0xff, 0xfc, 0x00, 0x00, 0x00, 0x00, 0x3f, 0xff, 0xff, 0x70, 0x00, 0x00, 0x00, 0x07,
    0xff, 0xff, 0xf2, 0x00, 0x00, 0x00, 0x00, 0xcf, 0xff, 0xfc, 0x00, 0x00, 0x00, 0x00, 0x2f, 0xff,
    0xff, 0x80, 0x00, 0x00, 0x00, 0x07, 0xff, 0xff, 0xf3, 0x00, 0x00, 0x00, 0x00, 0xcf, 0xff, 0xfd,
    0x00, 0x00, 0x00, 0x00, 0x2f, 0xff, 0xff, 0x80, 0x00, 0x00, 0x00, 0x07, 0xff, 0xff, 0xf3, 0x00,
    0x00, 0x00, 0x00, 0xbf, 0xff, 0xfd, 0x00, 0x00, 0x00, 0x00, 0x1f, 0xff, 0xff, 0x80, 0x00, 0x00,
    0x00, 0x06, 0xff, 0xff, 0xf3, 0x00, 0x00, 0x00, 0x00, 0xbf, 0xff, 0xfe, 0x00, 0x00, 0x00, 0x00,
    0x1f, 0xff, 0xff, 0x90, 0x00, 0x00, 0x00, 0x06, 0xff, 0xff, 0xf4, 0x00, 0x00, 0x00, 0x00, 0xbf,
    0xff, 0xfe, 0x00, 0x00, 0x00, 0x00, 0x1f, 0xff, 0xff, 0x90, 0x00, 0x00, 0x00, 0x05, 0xff, 0xff,
    0xf4, 0x00, 0x00, 0x00, 0x00, 0xaf, 0xff, 0xfe, 0x00, 0x00, 0x00, 0x00, 0x1e, 0xff, 0xff, 0xa0,
    0x00, 0x00, 0x00, 0x05, 0xff, 0xff, 0xf5, 0x00, 0x00, 0x00, 0x00, 0xaf, 0xff, 0xfe, 0x10, 0x00,
    0x00, 0x00, 0x0e, 0xff, 0xff, 0xa0, 0x00, 0x00, 0x00, 0x03, 0xff, 0xff, 0xf5, 0x00, 0x00, 0x00,
    0x00, 0x00, 0x00, 0x49, 0xde, 0xed, 0xa4, 0x00, 0x00, 0x00, 0x1b, 0xff, 0xff, 0xff, 0xff, 0xb2,
    0x00, 0x01, 0xdf, 0xff, 0xff, 0xff, 0xff, 0xfe, 0x20, 0x0a, 0xff, 0xff, 0xff, 0xff, 0xff, 0xff,
    0xb0, 0x3f, 0xff, 0xff, 0xfe, 0xef, 0xff, 0xff, 0xf4, 0x7f, 0xff, 0xff, 0x90, 0x08, 0xff, 0xff,
    0xf9, 0xaf, 0xff, 0xff, 0x10, 0x00, 0xef, 0xff, 0xfc, 0xcf, 0xff, 0xfd, 0x00, 0x00, 0xbf, 0xff,
    0xfd, 0xcf, 0xff, 0xfd, 0x00, 0x00, 0xbf, 0xff, 0xfe, 0xcf, 0xff, 0xfd, 0x00, 0x00, 0xbf, 0xff,
    0xfe, 0xcf, 0xff, 0xfd, 0x00, 0x00, 0xbf, 0xff, 0xfe, 0xcf, 0xff, 0xfd, 0x00, 0x00, 0xbf, 0xff,
    0xfe, 0xcf, 0xff, 0xfd, 0x00, 0x00, 0xbf, 0xff, 0xfe, 0xcf, 0xff, 0xfd, 0x00, 0x00, 0xbf, 0xff,
    0xfe, 0xcf, 0xff, 0xfd, 0x00, 0x00, 0xbf, 0xff, 0xfe, 0xcf, 0xff, 0xfd, 0x00, 0x00, 0xbf, 0xff,
    0xfe, 0xcf, 0xff, 0xfd, 0x00, 0x00, 0xbf, 0xff, 0xfe, 0xcf, 0xff, 0xfd, 0x00, 0x00, 0xbf, 0xff,
    0xfe, 0xcf, 0xff, 0xfd, 0x00, 0x00, 0xbf, 0xff, 0xfe, 0xcf, 0xff, 0xfd, 0x00, 0x00, 0xbf, 0xff,
    0xfe, 0xcf, 0xff, 0xfd, 0x00, 0x00, 0xbf, 0xff, 0xfd, 0xaf, 0xff, 0xff, 0x10, 0x00, 0xef, 0xff,
    0xfc, 0x7f, 0xff, 0xff, 0x90, 0x08, 0xff, 0xff, 0xf9, 0x3f, 0xff, 0xff, 0xfe, 0xef, 0xff, 0xff,
    0xf4, 0x0a, 0xff, 0xff, 0xff, 0xff, 0xff, 0xff, 0xb0, 0x01, 0xdf, 0xff, 0xff, 0xff, 0xff, 0xfe,
    0x20, 0x00, 0x1b, 0xff, 0xff, 0xff, 0xff, 0xb2, 0x00, 0x00, 0x00, 0x4a, 0xde, 0xed, 0xa4, 0x00,
    0x00, 0x00, 0x4a, 0xef, 0xff, 0xfd, 0x5d, 0xff, 0xff, 0xff, 0xfe, 0x9f, 0xff, 0xff, 0xff, 0xfe,
    0x9f, 0xff, 0xff, 0xff, 0xfe, 0x8f, 0xff, 0xff, 0xff, 0xfe, 0x6c, 0xa9, 0xdf, 0xff, 0xfe, 0x00,
    0x00, 0xbf, 0xff, 0xfe, 0x00, 0x00, 0xbf, 0xff, 0xfe, 0x00, 0x00, 0xbf, 0xff, 0xfe, 0x00, 0x00,
    0xbf, 0xff, 0xfe, 0x00, 0x00, 0xbf, 0xff, 0xfe, 0x00, 0x00, 0xbf, 0xff, 0xfe, 0x00, 0x00, 0xbf,
    0xff, 0xfe, 0x00, 0x00, 0xbf, 0xff, 0xfe, 0x00, 0x00, 0xbf, 0xff, 0xfe, 0x00, 0x00, 0xbf, 0xff,
    0xfe, 0x00, 0x00, 0xbf, 0xff, 0xfe, 0x00, 0x00, 0xbf, 0xff, 0xfe, 0x00, 0x00, 0xbf, 0xff, 0xfe,
    0x00, 0x00, 0xbf, 0xff, 0xfe, 0x00, 0x00, 0xbf, 0xff, 0xfe, 0x00, 0x00, 0xbf, 0xff, 0xfe, 0x00,
    0x00, 0xbf, 0xff, 0xfe, 0x00, 0x00, 0xbf, 0xff, 0xfe, 0x00, 0x00, 0xbf, 0xff, 0xfe, 0x00, 0x00,
    0xbf, 0xff, 0xfe, 0x00, 0x00, 0xbf, 0xff, 0xfe, 0x00, 0x00, 0xaf, 0xff, 0xfd, 0x00, 0x00, 0x05,
    0xad, 0xfe, 0xd9, 0x30, 0x00, 0x00, 0x00, 0x3d, 0xff, 0xff, 0xff, 0xff, 0x90, 0x00, 0x00, 0x3e,
    0xff, 0xff, 0xff, 0xff, 0xff, 0xa0, 0x00, 0x1d, 0xff, 0xff, 0xff, 0xff, 0xff, 0xff, 0x60, 0x07,
    0xff, 0xff, 0xff, 0xef, 0xff, 0xff, 0xfd, 0x00, 0xcf, 0xff, 0xff, 0x60, 0x2d, 0xff, 0xff, 0xf2,
    0x0e, 0xff, 0xff, 0xc0, 0x00, 0x7f, 0xff, 0xff, 0x51, 0xff, 0xff, 0xfa, 0x00, 0x05, 0xff, 0xff,
    0xf6, 0x1f, 0xff, 0xff, 0xa0, 0x00, 0x6f, 0xff, 0xff, 0x50, 0x78, 0x88, 0x84, 0x00, 0x0a, 0xff,
    0xff, 0xf3, 0x00, 0x00, 0x00, 0x00, 0x01, 0xef, 0xff, 0xff, 0x00, 0x00, 0x00, 0x00, 0x00, 0x6f,
    0xff, 0xff, 0xb0, 0x00, 0x00, 0x00, 0x00, 0x1e, 0xff, 0xff, 0xf4, 0x00, 0x00, 0x00, 0x00, 0x09,
    0xff, 0xff, 0xfc, 0x00, 0x00, 0x00, 0x00, 0x04, 0xff, 0xff, 0xff, 0x30, 0x00, 0x00, 0x00, 0x01,
    0xdf, 0xff, 0xff, 0x90, 0x00, 0x00, 0x00, 0x00, 0xaf, 0xff, 0xff, 0xd1, 0x00, 0x00, 0x00, 0x00,
    0x7f, 0xff, 0xff, 0xe3, 0x00, 0x00, 0x00, 0x00, 0x4f, 0xff, 0xff, 0xf5, 0x00, 0x00, 0x00, 0x00,
    0x2e, 0xff, 0xff, 0xf9, 0x00, 0x00, 0x00, 0x00, 0x0c, 0xff, 0xff, 0xfc, 0x00, 0x00, 0x00, 0x00,
    0x09, 0xff, 0xff, 0xfd, 0x10, 0x00, 0x00, 0x00, 0x06, 0xff, 0xff, 0xff, 0x30, 0x00, 0x00, 0x00,
    0x00, 0xdf, 0xff, 0xff, 0xfd, 0xdd, 0xdd, 0xdd, 0xda, 0x0e, 0xff, 0xff, 0xff, 0xff, 0xff, 0xff,
    0xff, 0xd0, 0xef, 0xff, 0xff, 0xff, 0xff, 0xff, 0xff, 0xfd, 0x0e, 0xff, 0xff, 0xff, 0xff, 0xff,
    0xff, 0xff, 0xd0, 0xdf, 0xff, 0xff, 0xff, 0xff, 0xff, 0xff, 0xfc, 0x08, 0xff, 0xff, 0xff, 0xff,
    0xff, 0xff, 0xff, 0x10, 0x9f, 0xff, 0xff, 0xff, 0xff, 0xff, 0xff, 0xf2, 0x09, 0xff, 0xff, 0xff,
    0xff, 0xff, 0xff, 0xff, 0x20, 0x9f, 0xff, 0xff, 0xff, 0xff, 0xff, 0xff, 0xf2, 0x07, 0xdd, 0xdd,
    0xdd, 0xdf, 0xff, 0xff, 0xff, 0x10, 0x00, 0x00, 0x00, 0x03, 0xef, 0xff, 0xff, 0x90, 0x00, 0x00,
    0x00, 0x01, 0xdf, 0xff, 0xff, 0xc0, 0x00, 0x00, 0x00, 0x00, 0xcf, 0xff, 0xff, 0xd1, 0x00, 0x00,
    0x00, 0x00, 0xaf, 0xff, 0xff, 0xf3, 0x00, 0x00, 0x00, 0x00, 0x7f, 0xff, 0xff, 0xf5, 0x00, 0x00,
    0x00, 0x00, 0x5f, 0xff, 0xff, 0xfa, 0x00, 0x00, 0x00, 0x00, 0x08, 0xff, 0xff, 0xff, 0xfd, 0x60,
    0x00, 0x00, 0x00, 0x0a, 0xff, 0xff, 0xff, 0xff, 0x70, 0x00, 0x00, 0x00, 0x0a, 0xe8, 0xbf, 0xff,
    0xfe, 0x20, 0x00, 0x00, 0x00, 0x01, 0x00, 0xbf, 0xff, 0xf8, 0x00, 0x00, 0x00, 0x00, 0x00, 0x06,
    0xff, 0xff, 0xc0, 0x00, 0x00, 0x00, 0x00, 0x00, 0x4f, 0xff, 0xff, 0x00, 0x00, 0x00, 0x00, 0x00,
    0x03, 0xff, 0xff, 0xf1, 0x02, 0x33, 0x33, 0x10, 0x00, 0x3f, 0xff, 0xff, 0x21, 0xff, 0xff, 0xf9,
    0x00, 0x04, 0xff, 0xff, 0xf2, 0x0f, 0xff, 0xff, 0xa0, 0x00, 0x4f, 0xff, 0xff, 0x20, 0xef, 0xff,
    0xfc, 0x00, 0x07, 0xff, 0xff, 0xf0, 0x0c, 0xff, 0xff, 0xf5, 0x02, 0xdf, 0xff, 0xfd, 0x00, 0x8f,
    0xff, 0xff, 0xfe, 0xff, 0xff, 0xff, 0xa0, 0x02, 0xff, 0xff, 0xff, 0xff, 0xff, 0xff, 0xf3, 0x00,
    0x06, 0xff, 0xff, 0xff, 0xff, 0xff, 0xf8, 0x00, 0x00, 0x06, 0xef, 0xff, 0xff, 0xff, 0xf8, 0x00,
    0x00, 0x00, 0x01, 0x7b, 0xef, 0xec, 0x93, 0x00, 0x00, 0x00, 0x00, 0x01, 0xef, 0xff, 0xfd, 0x00,
    0x00, 0x00, 0x00, 0x00, 0x00, 0x6f, 0xff, 0xff, 0xa0, 0x00, 0x00, 0x00, 0x00, 0x00, 0x0b, 0xff,
    0xff, 0xf5, 0x00, 0x00, 0x00, 0x00, 0x00, 0x01, 0xff, 0xff, 0xff, 0x10, 0x00, 0x00, 0x00, 0x00,
    0x00, 0x6f, 0xff, 0xff, 0xb0, 0x00, 0x00, 0x00, 0x00, 0x00, 0x0b, 0xff, 0xff, 0xf6, 0x00, 0x00,
    0x00, 0x00, 0x00, 0x01, 0xff, 0xff, 0xff, 0x10, 0x00, 0x00, 0x00, 0x00, 0x00, 0x6f, 0xff, 0xff,
    0xb0, 0x00, 0x00, 0x00, 0x00, 0x00, 0x0b, 0xff, 0xff, 0xf7, 0x00, 0x00, 0x00, 0x00, 0x00, 0x01,
    0xff, 0xff, 0xff, 0x20, 0x00, 0x00, 0x00, 0x00, 0x00, 0x6f, 0xff, 0xff, 0xc0, 0x00, 0x00, 0x00,
    0x00, 0x00, 0x0b, 0xff, 0xff, 0xf7, 0x00, 0xaf, 0xff, 0xfc, 0x00, 0x01, 0xff, 0xff, 0xff, 0x30,
    0x0c, 0xff, 0xff, 0xd0, 0x00, 0x6f, 0xff, 0xff, 0xd0, 0x00, 0xcf, 0xff, 0xfd, 0x00, 0x0a, 0xff,
    0xff, 0xf8, 0x00, 0x0c, 0xff, 0xff, 0xd0, 0x01, 0xff, 0xff, 0xff, 0x40, 0x00, 0xcf, 0xff, 0xfd,
    0x00, 0x5f, 0xff, 0xff, 0xff, 0xff, 0xff, 0xff, 0xff, 0xff, 0xb7, 0xff, 0xff, 0xff, 0xff, 0xff,
    0xff, 0xff, 0xff, 0xfc, 0x7f, 0xff, 0xff, 0xff, 0xff, 0xff, 0xff, 0xff, 0xff, 0xc7, 0xff, 0xff,
    0xff, 0xff, 0xff, 0xff, 0xff, 0xff, 0xfc, 0x5d, 0xdd, 0xdd, 0xdd, 0xdd, 0xdf, 0xff, 0xff, 0xfd,
    0x90, 0x00, 0x00, 0x00, 0x00, 0x00, 0xcf, 0xff, 0xfd, 0x00, 0x00, 0x00, 0x00, 0x00, 0x00, 0x0c,
    0xff, 0xff, 0xd0, 0x00, 0x00, 0x00, 0x00, 0x00, 0x00, 0xcf, 0xff, 0xfd, 0x00, 0x00, 0x00, 0x00,
    0x00, 0x00, 0x0c, 0xff, 0xff, 0xd0, 0x00, 0x00, 0x00, 0x00, 0x00, 0x00, 0xcf, 0xff, 0xfd, 0x00,
    0x00, 0x00, 0x00, 0x00, 0x00, 0x0c, 0xff, 0xff, 0xd0, 0x00, 0x00, 0x00, 0x00, 0x00, 0x00, 0xaf,
    0xff, 0xfc, 0x00, 0xaf, 0xff, 0xff, 0xff, 0xff, 0xff, 0xff, 0xf4, 0xcf, 0xff, 0xff, 0xff, 0xff,
    0xff, 0xff, 0xf5, 0xcf, 0xff, 0xff, 0xff, 0xff, 0xff, 0xff, 0xf5, 0xcf, 0xff, 0xff, 0xff, 0xff,
    0xff, 0xff, 0xf5, 0xcf, 0xff, 0xff, 0xdd, 0xdd, 0xdd, 0xdd, 0xd3, 0xcf, 0xff, 0xfd, 0x00, 0x00,
    0x00, 0x00, 0x00, 0xcf, 0xff, 0xfd, 0x00, 0x00, 0x00, 0x00, 0x00, 0xcf, 0xff, 0xfd, 0x00, 0x00,
    0x00, 0x00, 0x00, 0xcf, 0xff, 0xfd, 0x00, 0x00, 0x00, 0x00, 0x00, 0xcf, 0xff, 0xfd, 0x00, 0x00,
    0x00, 0x00, 0x00, 0xcf, 0xff, 0xfd, 0x03, 0x8a, 0x96, 0x10, 0x00, 0xcf, 0xff, 0xfe, 0x9f, 0xff,
    0xff, 0xe4, 0x00, 0xcf, 0xff, 0xff, 0xff, 0xff, 0xff, 0xff, 0x30, 0xcf, 0xff, 0xff, 0xff, 0xff,
    0xff, 0xff, 0xb0, 0xcf, 0xff, 0xff, 0xff, 0xff, 0xff, 0xff, 0xf2, 0xcf, 0xff, 0xff, 0xa3, 0x4d,
    0xff, 0xff, 0xf5, 0xae, 0xee, 0xec, 0x10, 0x04, 0xff, 0xff, 0xf7, 0x00, 0x00, 0x00, 0x00, 0x01,
    0xff, 0xff, 0xf8, 0x00, 0x00, 0x00, 0x00, 0x00, 0xff, 0xff, 0xf9, 0x00, 0x00, 0x00, 0x00, 0x00,
    0xff, 0xff, 0xf9, 0x9e, 0xee, 0xec, 0x00, 0x01, 0xff, 0xff, 0xf8, 0x9f, 0xff, 0xff, 0x20, 0x03,
    0xff, 0xff, 0xf8, 0x6f, 0xff, 0xff, 0xa0, 0x1b, 0xff, 0xff, 0xf6, 0x2f, 0xff, 0xff, 0xfe, 0xef,
    0xff, 0xff, 0xf2, 0x0b, 0xff, 0xff, 0xff, 0xff, 0xff, 0xff, 0xb0, 0x02, 0xef, 0xff, 0xff, 0xff,
    0xff, 0xfe, 0x20, 0x00, 0x3d, 0xff, 0xff, 0xff, 0xff, 0xc2, 0x00, 0x00, 0x01, 0x6b, 0xdf, 0xed,
    0xa5, 0x00, 0x00, 0x00, 0x00, 0x6a, 0xdf, 0xed, 0xa4, 0x00, 0x00, 0x00, 0x3d, 0xff, 0xff, 0xff,
    0xff, 0xb1, 0x00, 0x03, 0xff, 0xff, 0xff, 0xff, 0xff, 0xfd, 0x10, 0x0d, 0xff, 0xff, 0xff, 0xff,
    0xff, 0xff, 0x90, 0x5f, 0xff, 0xff, 0xfe, 0xff, 0xff, 0xff, 0xe0, 0x9f, 0xff, 0xff, 0x80, 0x1c,
    0xff, 0xff, 0xf3, 0xbf, 0xff, 0xff, 0x00, 0x06, 0xff, 0xff, 0xf4, 0xcf, 0xff, 0xfe, 0x00, 0x04,
    0xdd, 0xdd, 0xd3, 0xbf, 0xff, 0xfe, 0x00, 0x00, 0x00, 0x00, 0x00, 0xbf, 0xff, 0xfe, 0x17, 0xcc,
    0xb6, 0x00, 0x00, 0xbf, 0xff, 0xff, 0xcf, 0xff, 0xff, 0xd2, 0x00, 0xbf, 0xff, 0xff, 0xff, 0xff,
    0xff, 0xfd, 0x10, 0xbf, 0xff, 0xff, 0xff, 0xff, 0xff, 0xff, 0x80, 0xbf, 0xff, 0xff, 0xff, 0xff,
    0xff, 0xff, 0xe0, 0xbf, 0xff, 0xff, 0xb1, 0x2c, 0xff, 0xff, 0xf3, 0xbf, 0xff, 0xff, 0x30, 0x05,
    0xff, 0xff, 0xf6, 0xbf, 0xff, 0xff, 0x00, 0x02, 0xff, 0xff, 0xf8, 0xbf, 0xff, 0xfe, 0x00, 0x01,
    0xff, 0xff, 0xf9, 0xaf, 0xff, 0xfe, 0x00, 0x01, 0xff, 0xff, 0xfa, 0xaf, 0xff, 0xfe, 0x00, 0x01,
    0xff, 0xff, 0xfa, 0xaf, 0xff, 0xff, 0x00, 0x02, 0xff, 0xff, 0xfa, 0x8f, 0xff, 0xff, 0x20, 0x04,
    0xff, 0xff, 0xf9, 0x6f, 0xff, 0xff, 0xa0, 0x1b, 0xff, 0xff, 0xf7, 0x2f, 0xff, 0xff, 0xfe, 0xef,
    0xff, 0xff, 0xf3, 0x0b, 0xff, 0xff, 0xff, 0xff, 0xff, 0xff, 0xc0, 0x02, 0xef, 0xff, 0xff, 0xff,
    0xff, 0xfe, 0x30, 0x00, 0x3d, 0xff, 0xff, 0xff, 0xff, 0xd3, 0x00, 0x00, 0x00, 0x6a, 0xdf, 0xfd,
    0xa6, 0x00, 0x00, 0x5f, 0xff, 0xff, 0xff, 0xff, 0xff, 0xff, 0xfc, 0x7f, 0xff, 0xff, 0xff, 0xff,
    0xff, 0xff, 0xfd, 0x7f, 0xff, 0xff, 0xff, 0xff, 0xff, 0xff, 0xfd, 0x7f, 0xff, 0xff, 0xff, 0xff,
    0xff, 0xff, 0xfd, 0x7f, 0xff, 0xfd, 0xdd, 0xdd, 0xff, 0xff, 0xfd, 0x7f, 0xff, 0xf1, 0x00, 0x04,
    0xff, 0xff, 0xfa, 0x6e, 0xee, 0xd1, 0x00, 0x09, 0xff, 0xff, 0xf6, 0x00, 0x00, 0x00, 0x00, 0x0d,
    0xff, 0xff, 0xf2, 0x00, 0x00, 0x00, 0x00, 0x2f, 0xff, 0xff, 0xc0, 0x00, 0x00, 0x00, 0x00, 0x7f,
    0xff, 0xff, 0x80, 0x00, 0x00, 0x00, 0x00, 0xbf, 0xff, 0xff, 0x30, 0x00, 0x00, 0x00, 0x01, 0xff,
    0xff, 0xfe, 0x00, 0x00, 0x00, 0x00, 0x05, 0xff, 0xff, 0xfa, 0x00, 0x00, 0x00, 0x00, 0x09, 0xff,
    0xff, 0xf5, 0x00, 0x00, 0x00, 0x00, 0x0e, 0xff, 0xff, 0xf1, 0x00, 0x00, 0x00, 0x00, 0x3f, 0xff,
    0xff, 0xb0, 0x00, 0x00, 0x00, 0x00, 0x7f, 0xff, 0xff, 0x70, 0x00, 0x00, 0x00, 0x00, 0xcf, 0xff,
    0xff, 0x20, 0x00, 0x00, 0x00, 0x01, 0xff, 0xff, 0xfd, 0x00, 0x00, 0x00, 0x00, 0x06, 0xff, 0xff,
    0xf9, 0x00, 0x00, 0x00, 0x00, 0x0a, 0xff, 0xff, 0xf4, 0x00, 0x00, 0x00, 0x00, 0x0e, 0xff, 0xff,
    0xe0, 0x00, 0x00, 0x00, 0x00, 0x4f, 0xff, 0xff, 0xa0, 0x00, 0x00, 0x00, 0x00, 0x8f, 0xff, 0xff,
    0x60, 0x00, 0x00, 0x00, 0x00, 0xcf, 0xff, 0xff, 0x20, 0x00, 0x00, 0x00, 0x02, 0xff, 0xff, 0xfc,
    0x00, 0x00, 0x00, 0x00, 0x06, 0xff, 0xff, 0xf8, 0x00, 0x00, 0x00, 0x00, 0x09, 0xff, 0xff, 0xf3,
    0x00, 0x00, 0x00, 0x00, 0x00, 0x6b, 0xef, 0xec, 0x83, 0x00, 0x00, 0x00, 0x2d, 0xff, 0xff, 0xff,
    0xff, 0x90, 0x00, 0x02, 0xef, 0xff, 0xff, 0xff, 0xff, 0xfb, 0x00, 0x0c, 0xff, 0xff, 0xff, 0xff,
    0xff, 0xff, 0x60, 0x4f, 0xff, 0xff, 0xfe, 0xff, 0xff, 0xff, 0xd0, 0x9f, 0xff, 0xff, 0x80, 0x1d,
    0xff, 0xff, 0xf3, 0xbf, 0xff, 0xff, 0x00, 0x06, 0xff, 0xff, 0xf5, 0xcf, 0xff, 0xfc, 0x00, 0x03,
    0xff, 0xff, 0xf6, 0xbf, 0xff, 0xfd, 0x00, 0x04, 0xff, 0xff, 0xf4, 0x8f, 0xff, 0xff, 0x10, 0x07,
    0xff, 0xff, 0xf2, 0x4f, 0xff, 0xff, 0xa1, 0x3e, 0xff, 0xff, 0xc0, 0x0c, 0xff, 0xff, 0xff, 0xff,
    0xff, 0xff, 0x40, 0x02, 0xef, 0xff, 0xff, 0xff, 0xff, 0xf7, 0x00, 0x00, 0x3f, 0xff, 0xff, 0xff,
    0xff, 0xc0, 0x00, 0x02, 0xdf, 0xff, 0xff, 0xff, 0xff, 0xfb, 0x00, 0x0b, 0xff, 0xff, 0xfe, 0xff,
    0xff, 0xff, 0x60, 0x3f, 0xff, 0xff, 0x80, 0x2d, 0xff, 0xff, 0xc0, 0x8f, 0xff, 0xff, 0x10, 0x07,
    0xff, 0xff, 0xf2, 0xaf, 0xff, 0xfd, 0x00, 0x04, 0xff, 0xff, 0xf4, 0xbf, 0xff, 0xfc, 0x00, 0x03,
    0xff, 0xff, 0xf6, 0xbf, 0xff, 0xfc, 0x00, 0x03, 0xff, 0xff, 0xf5, 0xaf, 0xff, 0xff, 0x10, 0x06,
    0xff, 0xff, 0xf3, 0x6f, 0xff, 0xff, 0x80, 0x1d, 0xff, 0xff, 0xe0, 0x2f, 0xff, 0xff, 0xfe, 0xff,
    0xff, 0xff, 0xa0, 0x08, 0xff, 0xff, 0xff, 0xff, 0xff, 0xff, 0x20, 0x01, 0xcf, 0xff, 0xff, 0xff,
    0xff, 0xf6, 0x00, 0x00, 0x1b, 0xff, 0xff, 0xff, 0xff, 0x60, 0x00, 0x00, 0x00, 0x5a, 0xdf, 0xec,
    0x82, 0x00, 0x00, 0x00, 0x00, 0x49, 0xce, 0xfe, 0xc8, 0x20, 0x00, 0x00, 0x01, 0xbf, 0xff, 0xff,
    0xff, 0xff, 0x70, 0x00, 0x01, 0xcf, 0xff, 0xff, 0xff, 0xff, 0xff, 0x70, 0x00, 0x8f, 0xff, 0xff,
    0xff, 0xff, 0xff, 0xff, 0x20, 0x0d, 0xff, 0xff, 0xff, 0xef, 0xff, 0xff, 0xf8, 0x02, 0xff, 0xff,
    0xfe, 0x30, 0x4f, 0xff, 0xff, 0xc0, 0x3f, 0xff, 0xff, 0x90, 0x00, 0xbf, 0xff, 0xfe, 0x04, 0xff,
    0xff, 0xf7, 0x00, 0x09, 0xff, 0xff, 0xf1, 0x4f, 0xff, 0xff, 0x70, 0x00, 0x9f, 0xff, 0xff, 0x13,
    0xff, 0xff, 0xf7, 0x00, 0x09, 0xff, 0xff, 0xf1, 0x3f, 0xff, 0xff, 0x80, 0x00, 0x9f, 0xff, 0xff,
    0x11, 0xff, 0xff, 0xfa, 0x00, 0x0b, 0xff, 0xff, 0xf1, 0x0e, 0xff, 0xff, 0xf5, 0x16, 0xff, 0xff,
    0xff, 0x10, 0x9f, 0xff, 0xff, 0xff, 0xff, 0xff, 0xff, 0xf1, 0x03, 0xff, 0xff, 0xff, 0xff, 0xff,
    0xff, 0xff, 0x10, 0x09, 0xff, 0xff, 0xff, 0xff, 0xff, 0xff, 0xf2, 0x00, 0x09, 0xff, 0xff, 0xff,
    0xdf, 0xff, 0xff, 0x20, 0x00, 0x04, 0x9c, 0xca, 0x38, 0xff, 0xff, 0xf2, 0x00, 0x00, 0x00, 0x00,
    0x00, 0x8f, 0xff, 0xff, 0x20, 0x79, 0x99, 0x96, 0x00, 0x08, 0xff, 0xff, 0xf2, 0x0d, 0xff, 0xff,
    0xc0, 0x00, 0x9f, 0xff, 0xff, 0x20, 0xdf, 0xff, 0xfd, 0x00, 0x0b, 0xff, 0xff, 0xf1, 0x0b, 0xff,
    0xff, 0xf6, 0x04, 0xff, 0xff, 0xff, 0x00, 0x7f, 0xff, 0xff, 0xfe, 0xff, 0xff, 0xff, 0xb0, 0x01,
    0xef, 0xff, 0xff, 0xff, 0xff, 0xff, 0xf4, 0x00, 0x06, 0xff, 0xff, 0xff, 0xff, 0xff, 0xf9, 0x00,
    0x00, 0x05, 0xef, 0xff, 0xff, 0xff, 0xf8, 0x00, 0x00, 0x00, 0x01, 0x7c, 0xef, 0xec, 0x82, 0x00,
    0x00, 0x04, 0xce, 0xd5, 0x03, 0xff, 0xff, 0xf4, 0x8f, 0xff, 0xff, 0xa8, 0xff, 0xff, 0xfa, 0x3f,
    0xff, 0xff, 0x40, 0x4c, 0xed, 0x50, 0x00, 0x00, 0x00, 0x00, 0x00, 0x00, 0x00, 0x00, 0x00, 0x00,
    0x00, 0x00, 0x00, 0x00, 0x00, 0x00, 0x00, 0x00, 0x00, 0x00, 0x00, 0x00, 0x00, 0x00, 0x00, 0x4c,
    0xed, 0x50, 0x3f, 0xff, 0xff, 0x48, 0xff, 0xff, 0xfa, 0x8f, 0xff, 0xff, 0xa3, 0xff, 0xff, 0xf4,
    0x04, 0xce, 0xd5, 0x00, 0x03, 0xbf, 0xd5, 0x02, 0xef, 0xff, 0xf6, 0x9f, 0xff, 0xff, 0xdb, 0xff,
    0xff, 0xff, 0x9f, 0xff, 0xff, 0xd2, 0xff, 0xff, 0xf6, 0x03, 0xce, 0xd6, 0x00, 0x00, 0x00, 0x00,
    0x00, 0x00, 0x00, 0x00, 0x00, 0x00, 0x00, 0x00, 0x00, 0x00, 0x00, 0x00, 0x00, 0x00, 0x00, 0x00,
    0x00, 0x00, 0xbf, 0xff, 0xf2, 0x0d, 0xff, 0xff, 0x00, 0xef, 0xff, 0xc0, 0x0f, 0xff, 0xf9, 0x02,
    0xff, 0xff, 0x50, 0x3f, 0xff, 0xf2, 0x04, 0xff, 0xfe, 0x00, 0x5f, 0xff, 0xb0, 0x06, 0xff, 0xf8,
    0x00, 0x6f, 0xff, 0x40, 0x00, 0x00, 0x00, 0x00, 0x00, 0x00, 0x00, 0x00, 0x3a, 0x80, 0x00, 0x00,
    0x00, 0x00, 0x00, 0x04, 0xbf, 0xf9, 0x00, 0x00, 0x00, 0x00, 0x00, 0x5c, 0xff, 0xff, 0x90, 0x00,
    0x00, 0x00, 0x17, 0xdf, 0xff, 0xff, 0xf9, 0x00, 0x00, 0x01, 0x8e, 0xff, 0xff, 0xff, 0xff, 0x90,
    0x00, 0x29, 0xff, 0xff, 0xff, 0xff, 0xff, 0xb3, 0x03, 0xaf, 0xff, 0xff, 0xff, 0xff, 0xe8, 0x20,
    0x00, 0xff, 0xff, 0xff, 0xff, 0xfb, 0x50, 0x00, 0x00, 0x1f, 0xff, 0xff, 0xfe, 0x82, 0x00, 0x00,
    0x00, 0x01, 0xff, 0xff, 0xfd, 0x20, 0x00, 0x00, 0x00, 0x00, 0x1f, 0xff, 0xff, 0xff, 0xa4, 0x00,
    0x00, 0x00, 0x00, 0xff, 0xff, 0xff, 0xff, 0xfd, 0x71, 0x00, 0x00, 0x02, 0x9f, 0xff, 0xff, 0xff,
    0xff, 0xe9, 0x30, 0x00, 0x00, 0x18, 0xef, 0xff, 0xff, 0xff, 0xff, 0xc3, 0x00, 0x00, 0x01, 0x7d,
    0xff, 0xff, 0xff, 0xff, 0x90, 0x00, 0x00, 0x00, 0x05, 0xcf, 0xff, 0xff, 0xf9, 0x00, 0x00, 0x00,
    0x00, 0x00, 0x4b, 0xff, 0xff, 0x90, 0x00, 0x00, 0x00, 0x00, 0x00, 0x03, 0xaf, 0xf9, 0x00, 0x00,
    0x00, 0x00, 0x00, 0x00, 0x00, 0x29, 0x70, 0x0e, 0xff, 0xff, 0xff, 0xff, 0xff, 0xff, 0xff, 0x81,
    0xff, 0xff, 0xff, 0xff, 0xff, 0xff, 0xff, 0xf9, 0x1f, 0xff, 0xff, 0xff, 0xff, 0xff, 0xff, 0xff,
    0x90, 0xef, 0xff, 0xff, 0xff, 0xff, 0xff, 0xff, 0xf8, 0x00, 0x00, 0x00, 0x00, 0x00, 0x00, 0x00,
    0x00, 0x00, 0x00, 0x00, 0x00, 0x00, 0x00, 0x00, 0x00, 0x00, 0x00, 0x00, 0x00, 0x00, 0x00, 0x00,
    0x00, 0x00, 0x00, 0xef, 0xff, 0xff, 0xff, 0xff, 0xff, 0xff, 0xf8, 0x1f, 0xff, 0xff, 0xff, 0xff,
    0xff, 0xff, 0xff, 0x91, 0xff, 0xff, 0xff, 0xff, 0xff, 0xff, 0xff, 0xf9, 0x0e, 0xff, 0xff, 0xff,
    0xff, 0xff, 0xff, 0xff, 0x80, 0x0d, 0x71, 0x00, 0x00, 0x00, 0x00, 0x00, 0x00, 0x01, 0xff, 0xe8,
    0x20, 0x00, 0x00, 0x00, 0x00, 0x00, 0x1f, 0xff, 0xff, 0x92, 0x00, 0x00, 0x00, 0x00, 0x01, 0xff,
    0xff, 0xff, 0xfa, 0x40, 0x00, 0x00, 0x00, 0x1f, 0xff, 0xff, 0xff, 0xff, 0xc5, 0x00, 0x00, 0x00,
    0x7d, 0xff, 0xff, 0xff, 0xff, 0xfd, 0x60, 0x00, 0x00, 0x04, 0xbf, 0xff, 0xff, 0xff, 0xff, 0xd7,
    0x10, 0x00, 0x00, 0x28, 0xef, 0xff, 0xff, 0xff, 0xf8, 0x00, 0x00, 0x00, 0x00, 0x5b, 0xff, 0xff,
    0xff, 0x90, 0x00, 0x00, 0x00, 0x00, 0x06, 0xff, 0xff, 0xf9, 0x00, 0x00, 0x00, 0x01, 0x7d, 0xff,
    0xff, 0xff, 0x90, 0x00, 0x00, 0x39, 0xef, 0xff, 0xff, 0xff, 0xf8, 0x00, 0x16, 0xcf, 0xff, 0xff,
    0xff, 0xff, 0xd6, 0x00, 0x8e, 0xff, 0xff, 0xff, 0xff, 0xfc, 0x50, 0x00, 0x1f, 0xff, 0xff, 0xff,
    0xff, 0xa4, 0x00, 0x00, 0x01, 0xff, 0xff, 0xff, 0xf9, 0x20, 0x00, 0x00, 0x00, 0x1f, 0xff, 0xfe,
    0x82, 0x00, 0x00, 0x00, 0x00, 0x01, 0xff, 0xe7, 0x10, 0x00, 0x00, 0x00, 0x00, 0x00, 0x0c, 0x60,
    0x00, 0x00, 0x00, 0x00, 0x00, 0x00, 0x00, 0x00, 0x00, 0x05, 0xad, 0xee, 0xda, 0x40, 0x00, 0x00,
    0x00, 0x3d, 0xff, 0xff, 0xff, 0xff, 0xb1, 0x00, 0x00, 0x4f, 0xff, 0xff, 0xff, 0xff, 0xff, 0xd1,
    0x00, 0x2e, 0xff, 0xff, 0xff, 0xff, 0xff, 0xff, 0xa0, 0x09, 0xff, 0xff, 0xff, 0xef, 0xff, 0xff,
    0xff, 0x30, 0xef, 0xff, 0xff, 0x50, 0x1b, 0xff, 0xff, 0xf7, 0x3f, 0xff, 0xff, 0x90, 0x00, 0x2f,
    0xff, 0xff, 0xa4, 0xff, 0xff, 0xf5, 0x00, 0x00, 0xef, 0xff, 0xfb, 0x3d, 0xdd, 0xdd, 0x30, 0x00,
    0x1f, 0xff, 0xff, 0xb0, 0x00, 0x00, 0x00, 0x00, 0x06, 0xff, 0xff, 0xf9, 0x00, 0x00, 0x00, 0x00,
    0x03, 0xef, 0xff, 0xff, 0x50, 0x00, 0x00, 0x00, 0x04, 0xef, 0xff, 0xff, 0xd0, 0x00, 0x00, 0x00,
    0x04, 0xef, 0xff, 0xff, 0xf4, 0x00, 0x00, 0x00, 0x03, 0xef, 0xff, 0xff, 0xf5, 0x00, 0x00, 0x00,
    0x00, 0xdf, 0xff, 0xff, 0xe4, 0x00, 0x00, 0x00, 0x00, 0x4f, 0xff, 0xff, 0xe3, 0x00, 0x00, 0x00,
    0x00, 0x07, 0xff, 0xff, 0xf6, 0x00, 0x00, 0x00, 0x00, 0x00, 0x9f, 0xff, 0xff, 0x10, 0x00, 0x00,
    0x00, 0x00, 0x09, 0xff, 0xff, 0xf0, 0x00, 0x00, 0x00, 0x00, 0x00, 0x25, 0x55, 0x54, 0x00, 0x00,
    0x00, 0x00, 0x00, 0x00, 0x00, 0x00, 0x00, 0x00, 0x00, 0x00, 0x00, 0x00, 0x00, 0x00, 0x00, 0x00,
    0x00, 0x00, 0x00, 0x00, 0x00, 0x8d, 0xeb, 0x20, 0x00, 0x00, 0x00, 0x00, 0x00, 0x8f, 0xff, 0xfd,
    0x10, 0x00, 0x00, 0x00, 0x00, 0x0d, 0xff, 0xff, 0xf4, 0x00, 0x00, 0x00, 0x00, 0x00, 0xcf, 0xff,
    0xff, 0x40, 0x00, 0x00, 0x00, 0x00, 0x07, 0xff, 0xff, 0xd1, 0x00, 0x00, 0x00, 0x00, 0x00, 0x08,
    0xde, 0xb2, 0x00, 0x00, 0x00, 0x00, 0x00, 0x00, 0x00, 0x00, 0x04, 0x8b, 0xef, 0xfe, 0xb8, 0x40,
    0x00, 0x00, 0x00, 0x00, 0x00, 0x00, 0x00, 0x00, 0x6d, 0xff, 0xff, 0xff, 0xff, 0xff, 0xd5, 0x00,
    0x00, 0x00, 0x00, 0x00, 0x00, 0x04, 0xdf, 0xff, 0xff, 0xff, 0xff, 0xff, 0xff, 0xfb, 0x10, 0x00,
    0x00, 0x00, 0x00, 0x07, 0xff, 0xff, 0xff, 0xff, 0xff, 0xff, 0xff, 0xff, 0xfc, 0x10, 0x00, 0x00,
    0x00, 0x08, 0xff, 0xff, 0xfd, 0x84, 0x10, 0x13, 0x7c, 0xff, 0xff, 0xfb, 0x00, 0x00, 0x00, 0x07,
    0xff, 0xff, 0xe6, 0x00, 0x00, 0x00, 0x00, 0x06, 0xef, 0xff, 0xf6, 0x00, 0x00, 0x04, 0xff, 0xff,
    0xc2, 0x00, 0x00, 0x00, 0x00, 0x00, 0x03, 0xef, 0xff, 0xe0, 0x00, 0x01, 0xdf, 0xff, 0xc1, 0x00,
    0x00, 0x00, 0x00, 0x00, 0x00, 0x05, 0xff, 0xff, 0x50, 0x00, 0x8f, 0xff, 0xe1, 0x00, 0x29, 0xee,
    0xc5, 0xcc, 0xc7, 0x00, 0x0b, 0xff, 0xfa, 0x00, 0x1e, 0xff, 0xf5, 0x00, 0x1d, 0xff, 0xff, 0xff,
    0xff, 0x80, 0x00, 0x5f, 0xff, 0xd0, 0x07, 0xff, 0xfb, 0x00, 0x09, 0xff, 0xff, 0xff, 0xff, 0xf6,
    0x00, 0x01, 0xff, 0xff, 0x10, 0xcf, 0xff, 0x40, 0x00, 0xef, 0xfe, 0x32, 0xef, 0xff, 0x40, 0x00,
    0x0e, 0xff, 0xf2, 0x1f, 0xff, 0xe0, 0x00, 0x3f, 0xff, 0x80, 0x0a, 0xff, 0xf2, 0x00, 0x00, 0xdf,
    0xff, 0x25, 0xff, 0xf9, 0x00, 0x06, 0xff, 0xf6, 0x00, 0xcf, 0xff, 0x00, 0x00, 0x0e, 0xff, 0xf1,
    0x7f, 0xff, 0x60, 0x00, 0x8f, 0xff, 0x40, 0x0e, 0xff, 0xd0, 0x00, 0x01, 0xff, 0xff, 0x09, 0xff,
    0xf4, 0x00, 0x09, 0xff, 0xf2, 0x00, 0xff, 0xfb, 0x00, 0x00, 0x5f, 0xff, 0xc0, 0xaf, 0xff, 0x30,
    0x00, 0xbf, 0xff, 0x10, 0x2f, 0xff, 0xb0, 0x00, 0x09, 0xff, 0xf9, 0x0b, 0xff, 0xf3, 0x00, 0x0d,
    0xff, 0xe0, 0x03, 0xff, 0xfd, 0x00, 0x02, 0xff, 0xff, 0x40, 0xbf, 0xff, 0x40, 0x00, 0xef, 0xfd,
    0x00, 0x6f, 0xff, 0xf8, 0x13, 0xcf, 0xff, 0xc0, 0x0a, 0xff, 0xf6, 0x00, 0x0c, 0xff, 0xf3, 0x2d,
    0xff, 0xff, 0xff, 0xff, 0xff, 0xf4, 0x00, 0x7f, 0xff, 0xa0, 0x00, 0x8f, 0xff, 0xff, 0xff, 0xff,
    0xff, 0xff, 0xff, 0xf8, 0x00, 0x04, 0xff, 0xff, 0x20, 0x01, 0xdf, 0xff, 0xff, 0xbc, 0xff, 0xff,
    0xff, 0xf7, 0x00, 0x00, 0x0e, 0xff, 0xfa, 0x00, 0x01, 0x9d, 0xfd, 0x81, 0x17, 0xce, 0xfd, 0x93,
    0x00, 0x00, 0x00, 0x8f, 0xff, 0xf7, 0x00, 0x00, 0x00, 0x00, 0x00, 0x00, 0x00, 0x00, 0x00, 0x00,
    0x00, 0x01, 0xef, 0xff, 0xf9, 0x10, 0x00, 0x00, 0x00, 0x15, 0x00, 0x00, 0x00, 0x00, 0x00, 0x00,
    0x06, 0xff, 0xff, 0xfe, 0x83, 0x10, 0x14, 0x8e, 0xf6, 0x00, 0x00, 0x00, 0x00, 0x00, 0x00, 0x09,
    0xff, 0xff, 0xff, 0xff, 0xff, 0xff, 0xff, 0xe2, 0x00, 0x00, 0x00, 0x00, 0x00, 0x00, 0x08, 0xff,
    0xff, 0xff, 0xff, 0xff, 0xff, 0xfe, 0x20, 0x00, 0x00, 0x00, 0x00, 0x00, 0x00, 0x04, 0xcf, 0xff,
    0xff, 0xff, 0xff, 0xe9, 0x10, 0x00, 0x00, 0x00, 0x00, 0x00, 0x00, 0x00, 0x00, 0x49, 0xce, 0xfe,
    0xda, 0x61, 0x00, 0x00, 0x00, 0x00, 0x00, 0x00, 0x00, 0x00, 0x00, 0x8f, 0xff, 0xff, 0xd0, 0x00,
    0x00, 0x00, 0x00, 0x00, 0x0c, 0xff, 0xff, 0xff, 0x20, 0x00, 0x00, 0x00, 0x00, 0x00, 0xff, 0xff,
    0xff, 0xf5, 0x00, 0x00, 0x00, 0x00, 0x00, 0x3f, 0xff, 0xff, 0xff, 0x80, 0x00, 0x00, 0x00, 0x00,
    0x07, 0xff, 0xff, 0xff, 0xfb, 0x00, 0x00, 0x00, 0x00, 0x00, 0xaf, 0xff, 0xff, 0xff, 0xe0, 0x00,
    0x00, 0x00, 0x00, 0x0d, 0xff, 0xff, 0xff, 0xff, 0x30, 0x00, 0x00, 0x00, 0x01, 0xff, 0xff, 0xff,
    0xff, 0xf6, 0x00, 0x00, 0x00, 0x00, 0x5f, 0xff, 0xf9, 0xff, 0xff, 0x90, 0x00, 0x00, 0x00, 0x08,
    0xff, 0xff, 0x4f, 0xff, 0xfc, 0x00, 0x00, 0x00, 0x00, 0xbf, 0xff, 0xf0, 0xef, 0xff, 0xf1, 0x00,
    0x00, 0x00, 0x0e, 0xff, 0xfc, 0x0b, 0xff, 0xff, 0x40, 0x00, 0x00, 0x03, 0xff, 0xff, 0xa0, 0x9f,
    0xff, 0xf7, 0x00, 0x00, 0x00, 0x6f, 0xff, 0xf7, 0x06, 0xff, 0xff, 0xa0, 0x00, 0x00, 0x09, 0xff,
    0xff, 0x50, 0x3f, 0xff, 0xfe, 0x00, 0x00, 0x00, 0xdf, 0xff, 0xf2, 0x01, 0xff, 0xff, 0xf2, 0x00,
    0x00, 0x1f, 0xff, 0xff, 0x00, 0x0d, 0xff, 0xff, 0x50, 0x00, 0x04, 0xff, 0xff, 0xc0, 0x00, 0xbf,
    0xff, 0xf8, 0x00, 0x00, 0x7f, 0xff, 0xfa, 0x00, 0x08, 0xff, 0xff, 0xc0, 0x00, 0x0b, 0xff, 0xff,
    0xff, 0xff, 0xff, 0xff, 0xff, 0x00, 0x00, 0xef, 0xff, 0xff, 0xff, 0xff, 0xff, 0xff, 0xf3, 0x00,
    0x2f, 0xff, 0xff, 0xff, 0xff, 0xff, 0xff, 0xff, 0x60, 0x05, 0xff, 0xff, 0xff, 0xff, 0xff, 0xff,
    0xff, 0xfa, 0x00, 0x9f, 0xff, 0xff, 0xdd, 0xdd, 0xdf, 0xff, 0xff, 0xd0, 0x0c, 0xff, 0xff, 0xb0,
    0x00, 0x00, 0x8f, 0xff, 0xff, 0x10, 0xff, 0xff, 0xf8, 0x00, 0x00, 0x06, 0xff, 0xff, 0xf4, 0x3f,
    0xff, 0xff, 0x50, 0x00, 0x00, 0x3f, 0xff, 0xff, 0x86, 0xff, 0xff, 0xf2, 0x00, 0x00, 0x00, 0xef,
    0xff, 0xfa, 0x3f, 0xff, 0xff, 0xff, 0xed, 0xb8, 0x20, 0x00, 0x04, 0xff, 0xff, 0xff, 0xff, 0xff,
    0xff, 0x91, 0x00, 0x4f, 0xff, 0xff, 0xff, 0xff, 0xff, 0xff, 0xb1, 0x04, 0xff, 0xff, 0xff, 0xff,
    0xff, 0xff, 0xff, 0x80, 0x4f, 0xff, 0xff, 0xed, 0xef, 0xff, 0xff, 0xfe, 0x04, 0xff, 0xff, 0xf6,
    0x00, 0x4e, 0xff, 0xff, 0xf4, 0x4f, 0xff, 0xff, 0x60, 0x00, 0x6f, 0xff, 0xff, 0x54, 0xff, 0xff,
    0xf6, 0x00, 0x02, 0xff, 0xff, 0xf6, 0x4f, 0xff, 0xff, 0x60, 0x00, 0x2f, 0xff, 0xff, 0x54, 0xff,
    0xff, 0xf6, 0x00, 0x06, 0xff, 0xff, 0xf2, 0x4f, 0xff, 0xff, 0x60, 0x16, 0xef, 0xff, 0xfc, 0x04,
    0xff, 0xff, 0xff, 0xff, 0xff, 0xff, 0xff, 0x30, 0x4f, 0xff, 0xff, 0xff, 0xff, 0xff, 0xfe, 0x30,
    0x04, 0xff, 0xff, 0xff, 0xff, 0xff, 0xff, 0xe3, 0x00, 0x4f, 0xff, 0xff, 0xff, 0xff, 0xff, 0xff,
    0xe2, 0x04, 0xff, 0xff, 0xf6, 0x00, 0x4e, 0xff, 0xff, 0xb0, 0x4f, 0xff, 0xff, 0x60, 0x00, 0x6f,
    0xff, 0xff, 0x34, 0xff, 0xff, 0xf6, 0x00, 0x01, 0xff, 0xff, 0xf8, 0x4f, 0xff, 0xff, 0x60, 0x00,
    0x0d, 0xff, 0xff, 0xb4, 0xff, 0xff, 0xf6, 0x00, 0x00, 0xdf, 0xff, 0xfc, 0x4f, 0xff, 0xff, 0x60,
    0x00, 0x0e, 0xff, 0xff, 0xc4, 0xff, 0xff, 0xf6, 0x00, 0x04, 0xff, 0xff, 0xfb, 0x4f, 0xff, 0xff,
    0x60, 0x02, 0xdf, 0xff, 0xff, 0x84, 0xff, 0xff, 0xfe, 0xdd, 0xff, 0xff, 0xff, 0xf3, 0x4f, 0xff,
    0xff, 0xff, 0xff, 0xff, 0xff, 0xfb, 0x04, 0xff, 0xff, 0xff, 0xff, 0xff, 0xff, 0xfd, 0x10, 0x4f,
    0xff, 0xff, 0xff, 0xff, 0xff, 0xfb, 0x10, 0x03, 0xff, 0xff, 0xff, 0xff, 0xed, 0x94, 0x00, 0x00,
    0x00, 0x00, 0x39, 0xce, 0xfe, 0xb7, 0x10, 0x00, 0x00, 0x01, 0xaf, 0xff, 0xff, 0xff, 0xfe, 0x60,
    0x00, 0x01, 0xcf, 0xff, 0xff, 0xff, 0xff, 0xff, 0x70, 0x00, 0x9f, 0xff, 0xff, 0xff, 0xff, 0xff,
    0xff, 0x30, 0x1f, 0xff, 0xff, 0xff, 0xef, 0xff, 0xff, 0xfb, 0x06, 0xff, 0xff, 0xfb, 0x10, 0x3e,
    0xff, 0xff, 0xf1, 0x8f, 0xff, 0xff, 0x20, 0x00, 0x7f, 0xff, 0xff, 0x39, 0xff, 0xff, 0xf0, 0x00,
    0x05, 0xff, 0xff, 0xf4, 0xaf, 0xff, 0xff, 0x00, 0x00, 0x3a, 0xaa, 0xaa, 0x2a, 0xff, 0xff, 0xf0,
    0x00, 0x00, 0x00, 0x00, 0x00, 0xaf, 0xff, 0xff, 0x00, 0x00, 0x00, 0x00, 0x00, 0x0a, 0xff, 0xff,
    0xf0, 0x00, 0x00, 0x00, 0x00, 0x00, 0xaf, 0xff, 0xff, 0x00, 0x00, 0x00, 0x00, 0x00, 0x0a, 0xff,
    0xff, 0xf0, 0x00, 0x00, 0x00, 0x00, 0x00, 0xaf, 0xff, 0xff, 0x00, 0x00, 0x00, 0x00, 0x00, 0x0a,
    0xff, 0xff, 0xf0, 0x00, 0x00, 0x00, 0x00, 0x00, 0xaf, 0xff, 0xff, 0x00, 0x00, 0x00, 0x00, 0x00,
    0x0a, 0xff, 0xff, 0xf0, 0x00, 0x00, 0x00, 0x00, 0x00, 0xaf, 0xff, 0xff, 0x00, 0x00, 0x00, 0x00,
    0x00, 0x0a, 0xff, 0xff, 0xf0, 0x00, 0x03, 0xbb, 0xbb, 0xb3, 0x9f, 0xff, 0xff, 0x00, 0x00, 0x5f,
    0xff, 0xff, 0x48, 0xff, 0xff, 0xf2, 0x00, 0x07, 0xff, 0xff, 0xf3, 0x5f, 0xff, 0xff, 0xb1, 0x03,
    0xef, 0xff, 0xfe, 0x01, 0xff, 0xff, 0xff, 0xfe, 0xff, 0xff, 0xff, 0xa0, 0x08, 0xff, 0xff, 0xff,
    0xff, 0xff, 0xff, 0xf3, 0x00, 0x0c, 0xff, 0xff, 0xff, 0xff, 0xff, 0xf6, 0x00, 0x00, 0x1a, 0xff,
    0xff, 0xff, 0xff, 0xe5, 0x00, 0x00, 0x00, 0x03, 0x9c, 0xef, 0xeb, 0x71, 0x00, 0x00, 0x3f, 0xff,
    0xff, 0xff, 0xfe, 0xc8, 0x20, 0x00, 0x04, 0xff, 0xff, 0xff, 0xff, 0xff, 0xff, 0x80, 0x00, 0x4f,
    0xff, 0xff, 0xff, 0xff, 0xff, 0xff, 0x90, 0x04, 0xff, 0xff, 0xff, 0xff, 0xff, 0xff, 0xff, 0x60,
    0x4f, 0xff, 0xff, 0xed, 0xef, 0xff, 0xff, 0xfd, 0x04, 0xff, 0xff, 0xf6, 0x00, 0x3e, 0xff, 0xff,
    0xf3, 0x4f, 0xff, 0xff, 0x60, 0x00, 0x7f, 0xff, 0xff, 0x64, 0xff, 0xff, 0xf6, 0x00, 0x03, 0xff,
    0xff, 0xf7, 0x4f, 0xff, 0xff, 0x60, 0x00, 0x2f, 0xff, 0xff, 0x84, 0xff, 0xff, 0xf6, 0x00, 0x02,
    0xff, 0xff, 0xf8, 0x4f, 0xff, 0xff, 0x60, 0x00, 0x2f, 0xff, 0xff, 0x84, 0xff, 0xff, 0xf6, 0x00,
    0x02, 0xff, 0xff, 0xf8, 0x4f, 0xff, 0xff, 0x60, 0x00, 0x2f, 0xff, 0xff, 0x84, 0xff, 0xff, 0xf6,
    0x00, 0x02, 0xff, 0xff, 0xf8, 0x4f, 0xff, 0xff, 0x60, 0x00, 0x2f, 0xff, 0xff, 0x84, 0xff, 0xff,
    0xf6, 0x00, 0x02, 0xff, 0xff, 0xf8, 0x4f, 0xff, 0xff, 0x60, 0x00, 0x2f, 0xff, 0xff, 0x84, 0xff,
    0xff, 0xf6, 0x00, 0x02, 0xff, 0xff, 0xf8, 0x4f, 0xff, 0xff, 0x60, 0x00, 0x2f, 0xff, 0xff, 0x84,
    0xff, 0xff, 0xf6, 0x00, 0x02, 0xff, 0xff, 0xf8, 0x4f, 0xff, 0xff, 0x60, 0x00, 0x3f, 0xff, 0xff,
    0x74, 0xff, 0xff, 0xf6, 0x00, 0x07, 0xff, 0xff, 0xf6, 0x4f, 0xff, 0xff, 0x60, 0x03, 0xef, 0xff,
    0xff, 0x34, 0xff, 0xff, 0xfe, 0xde, 0xff, 0xff, 0xff, 0xd0, 0x4f, 0xff, 0xff, 0xff, 0xff, 0xff,
    0xff, 0xf6, 0x04, 0xff, 0xff, 0xff, 0xff, 0xff, 0xff, 0xfa, 0x00, 0x4f, 0xff, 0xff, 0xff, 0xff,
    0xff, 0xf8, 0x00, 0x03, 0xff, 0xff, 0xff, 0xff, 0xec, 0x82, 0x00, 0x00, 0x3f, 0xff, 0xff, 0xff,
    0xff, 0xff, 0xff, 0xf6, 0x4f, 0xff, 0xff, 0xff, 0xff, 0xff, 0xff, 0xf7, 0x4f, 0xff, 0xff, 0xff,
    0xff, 0xff, 0xff, 0xf7, 0x4f, 0xff, 0xff, 0xff, 0xff, 0xff, 0xff, 0xf7, 0x4f, 0xff, 0xff, 0xed,
    0xdd, 0xdd, 0xdd, 0xd5, 0x4f, 0xff, 0xff, 0x60, 0x00, 0x00, 0x00, 0x00, 0x4f, 0xff, 0xff, 0x60,
    0x00, 0x00, 0x00, 0x00, 0x4f, 0xff, 0xff, 0x60, 0x00, 0x00, 0x00, 0x00, 0x4f, 0xff, 0xff, 0x60,
    0x00, 0x00, 0x00, 0x00, 0x4f, 0xff, 0xff, 0x60, 0x00, 0x00, 0x00, 0x00, 0x4f, 0xff, 0xff, 0x60,
    0x00, 0x00, 0x00, 0x00, 0x4f, 0xff, 0xff, 0xed, 0xdd, 0xda, 0x00, 0x00, 0x4f, 0xff, 0xff, 0xff,
    0xff, 0xfd, 0x00, 0x00, 0x4f, 0xff, 0xff, 0xff, 0xff, 0xfd, 0x00, 0x00, 0x4f, 0xff, 0xff, 0xff,
    0xff, 0xfd, 0x00, 0x00, 0x4f, 0xff, 0xff, 0xff, 0xff, 0xfc, 0x00, 0x00, 0x4f, 0xff, 0xff, 0x60,
    0x00, 0x00, 0x00, 0x00, 0x4f, 0xff, 0xff, 0x60, 0x00, 0x00, 0x00, 0x00, 0x4f, 0xff, 0xff, 0x60,
    0x00, 0x00, 0x00, 0x00, 0x4f, 0xff, 0xff, 0x60, 0x00, 0x00, 0x00, 0x00, 0x4f, 0xff, 0xff, 0x60,
    0x00, 0x00, 0x00, 0x00, 0x4f, 0xff, 0xff, 0x60, 0x00, 0x00, 0x00, 0x00, 0x4f, 0xff, 0xff, 0x60,
    0x00, 0x00, 0x00, 0x00, 0x4f, 0xff, 0xff, 0xed, 0xdd, 0xdd, 0xdd, 0xd5, 0x4f, 0xff, 0xff, 0xff,
    0xff, 0xff, 0xff, 0xf7, 0x4f, 0xff, 0xff, 0xff, 0xff, 0xff, 0xff, 0xf7, 0x4f, 0xff, 0xff, 0xff,
    0xff, 0xff, 0xff, 0xf7, 0x3f, 0xff, 0xff, 0xff, 0xff, 0xff, 0xff, 0xf6, 0x3f, 0xff, 0xff, 0xff,
    0xff, 0xff, 0xff, 0xf5, 0x4f, 0xff, 0xff, 0xff, 0xff, 0xff, 0xff, 0xf6, 0x4f, 0xff, 0xff, 0xff,
    0xff, 0xff, 0xff, 0xf6, 0x4f, 0xff, 0xff, 0xff, 0xff, 0xff, 0xff, 0xf6, 0x4f, 0xff, 0xff, 0xed,
    0xdd, 0xdd, 0xdd, 0xd4, 0x4f, 0xff, 0xff, 0x60, 0x00, 0x00, 0x00, 0x00, 0x4f, 0xff, 0xff, 0x60,
    0x00, 0x00, 0x00, 0x00, 0x4f, 0xff, 0xff, 0x60, 0x00, 0x00, 0x00, 0x00, 0x4f, 0xff, 0xff, 0x60,
    0x00, 0x00, 0x00, 0x00, 0x4f, 0xff, 0xff, 0x60, 0x00, 0x00, 0x00, 0x00, 0x4f, 0xff, 0xff, 0x60,
    0x00, 0x00, 0x00, 0x00, 0x4f, 0xff, 0xff, 0xed, 0xdd, 0xda, 0x00, 0x00, 0x4f, 0xff, 0xff, 0xff,
    0xff, 0xfd, 0x00, 0x00, 0x4f, 0xff, 0xff, 0xff, 0xff, 0xfd, 0x00, 0x00, 0x4f, 0xff, 0xff, 0xff,
    0xff, 0xfd, 0x00, 0x00, 0x4f, 0xff, 0xff, 0xff, 0xff, 0xfc, 0x00, 0x00, 0x4f, 0xff, 0xff, 0x60,
    0x00, 0x00, 0x00, 0x00, 0x4f, 0xff, 0xff, 0x60, 0x00, 0x00, 0x00, 0x00, 0x4f, 0xff, 0xff, 0x60,
    0x00, 0x00, 0x00, 0x00, 0x4f, 0xff, 0xff, 0x60, 0x00, 0x00, 0x00, 0x00, 0x4f, 0xff, 0xff, 0x60,
    0x00, 0x00, 0x00, 0x00, 0x4f, 0xff, 0xff, 0x60, 0x00, 0x00, 0x00, 0x00, 0x4f, 0xff, 0xff, 0x60,
    0x00, 0x00, 0x00, 0x00, 0x4f, 0xff, 0xff, 0x60, 0x00, 0x00, 0x00, 0x00, 0x4f, 0xff, 0xff, 0x60,
    0x00, 0x00, 0x00, 0x00, 0x4f, 0xff, 0xff, 0x60, 0x00, 0x00, 0x00, 0x00, 0x4f, 0xff, 0xff, 0x60,
    0x00, 0x00, 0x00, 0x00, 0x3f, 0xff, 0xff, 0x50, 0x00, 0x00, 0x00, 0x00, 0x00, 0x00, 0x39, 0xce,
    0xfe, 0xb8, 0x20, 0x00, 0x00, 0x01, 0xaf, 0xff, 0xff, 0xff, 0xff, 0x70, 0x00, 0x01, 0xcf, 0xff,
    0xff, 0xff, 0xff, 0xff, 0x90, 0x00, 0x9f, 0xff, 0xff, 0xff, 0xff, 0xff, 0xff, 0x50, 0x2f, 0xff,
    0xff, 0xff, 0xef, 0xff, 0xff, 0xfd, 0x06, 0xff, 0xff, 0xfb, 0x10, 0x3d, 0xff, 0xff, 0xf2, 0x9f,
    0xff, 0xff, 0x30, 0x00, 0x7f, 0xff, 0xff, 0x4a, 0xff, 0xff, 0xf0, 0x00, 0x05, 0xff, 0xff, 0xf5,
    0xaf, 0xff, 0xff, 0x00, 0x00, 0x4f, 0xff, 0xff, 0x4a, 0xff, 0xff, 0xf0, 0x00, 0x00, 0x00, 0x00,
    0x00, 0xaf, 0xff, 0xff, 0x00, 0x00, 0x00, 0x00, 0x00, 0x0a, 0xff, 0xff, 0xf0, 0x00, 0x00, 0x00,
    0x00, 0x00, 0xaf, 0xff, 0xff, 0x00, 0x9d, 0xdd, 0xdd, 0xdd, 0x3a, 0xff, 0xff, 0xf0, 0x0c, 0xff,
    0xff, 0xff, 0xf5, 0xaf, 0xff, 0xff, 0x00, 0xcf, 0xff, 0xff, 0xff, 0x5a, 0xff, 0xff, 0xf0, 0x0c,
    0xff, 0xff, 0xff, 0xf5, 0xaf, 0xff, 0xff, 0x00, 0xaf, 0xff, 0xff, 0xff, 0x5a, 0xff, 0xff, 0xf0,
    0x00, 0x05, 0xff, 0xff, 0xf5, 0xaf, 0xff, 0xff, 0x00, 0x00, 0x5f, 0xff, 0xff, 0x5a, 0xff, 0xff,
    0xf0, 0x00, 0x05, 0xff, 0xff, 0xf5, 0xaf, 0xff, 0xff, 0x00, 0x00, 0x5f, 0xff, 0xff, 0x49, 0xff,
    0xff, 0xf3, 0x00, 0x08, 0xff, 0xff, 0xf3, 0x6f, 0xff, 0xff, 0xb1, 0x03, 0xef, 0xff, 0xff, 0x12,
    0xff, 0xff, 0xff, 0xfe, 0xff, 0xff, 0xff, 0xa0, 0x09, 0xff, 0xff, 0xff, 0xff, 0xff, 0xff, 0xf3,
    0x00, 0x1c, 0xff, 0xff, 0xff, 0xff, 0xff, 0xf6, 0x00, 0x00, 0x1a, 0xff, 0xff, 0xff, 0xff, 0xe6,
    0x00, 0x00, 0x00, 0x04, 0x9d, 0xef, 0xeb, 0x71, 0x00, 0x00, 0x3f, 0xff, 0xff, 0x50, 0x00, 0x2f,
    0xff, 0xff, 0x64, 0xff, 0xff, 0xf6, 0x00, 0x03, 0xff, 0xff, 0xf7, 0x4f, 0xff, 0xff, 0x60, 0x00,
    0x3f, 0xff, 0xff, 0x74, 0xff, 0xff, 0xf6, 0x00, 0x03, 0xff, 0xff, 0xf7, 0x4f, 0xff, 0xff, 0x60,
    0x00, 0x3f, 0xff, 0xff, 0x74, 0xff, 0xff, 0xf6, 0x00, 0x03, 0xff, 0xff, 0xf7, 0x4f, 0xff, 0xff,
    0x60, 0x00, 0x3f, 0xff, 0xff, 0x74, 0xff, 0xff, 0xf6, 0x00, 0x03, 0xff, 0xff, 0xf7, 0x4f, 0xff,
    0xff, 0x60, 0x00, 0x3f, 0xff, 0xff, 0x74, 0xff, 0xff, 0xf6, 0x00, 0x03, 0xff, 0xff, 0xf7, 0x4f,
    0xff, 0xff, 0x60, 0x00, 0x3f, 0xff, 0xff, 0x74, 0xff, 0xff, 0xfe, 0xdd, 0xde, 0xff, 0xff, 0xf7,
    0x4f, 0xff, 0xff, 0xff, 0xff, 0xff, 0xff, 0xff, 0x74, 0xff, 0xff, 0xff, 0xff, 0xff, 0xff, 0xff,
    0xf7, 0x4f, 0xff, 0xff, 0xff, 0xff, 0xff, 0xff, 0xff, 0x74, 0xff, 0xff, 0xff, 0xff, 0xff, 0xff,
    0xff, 0xf7, 0x4f, 0xff, 0xff, 0x60, 0x00, 0x3f, 0xff, 0xff, 0x74, 0xff, 0xff, 0xf6, 0x00, 0x03,
    0xff, 0xff, 0xf7, 0x4f, 0xff, 0xff, 0x60, 0x00, 0x3f, 0xff, 0xff, 0x74, 0xff, 0xff, 0xf6, 0x00,
    0x03, 0xff, 0xff, 0xf7, 0x4f, 0xff, 0xff, 0x60, 0x00, 0x3f, 0xff, 0xff, 0x74, 0xff, 0xff, 0xf6,
    0x00, 0x03, 0xff, 0xff, 0xf7, 0x4f, 0xff, 0xff, 0x60, 0x00, 0x3f, 0xff, 0xff, 0x74, 0xff, 0xff,
    0xf6, 0x00, 0x03, 0xff, 0xff, 0xf7, 0x4f, 0xff, 0xff, 0x60, 0x00, 0x3f, 0xff, 0xff, 0x74, 0xff,
    0xff, 0xf6, 0x00, 0x03, 0xff, 0xff, 0xf7, 0x4f, 0xff, 0xff, 0x60, 0x00, 0x3f, 0xff, 0xff, 0x73,
    0xff, 0xff, 0xf5, 0x00, 0x02, 0xff, 0xff, 0xf6, 0x2f, 0xff, 0xff, 0x54, 0xff, 0xff, 0xf6, 0x4f,
    0xff, 0xff, 0x64, 0xff, 0xff, 0xf6, 0x4f, 0xff, 0xff, 0x64, 0xff, 0xff, 0xf6, 0x4f, 0xff, 0xff,
    0x64, 0xff, 0xff, 0xf6, 0x4f, 0xff, 0xff, 0x64, 0xff, 0xff, 0xf6, 0x4f, 0xff, 0xff, 0x64, 0xff,
    0xff, 0xf6, 0x4f, 0xff, 0xff, 0x64, 0xff, 0xff, 0xf6, 0x4f, 0xff, 0xff, 0x64, 0xff, 0xff, 0xf6,
    0x4f, 0xff, 0xff, 0x64, 0xff, 0xff, 0xf6, 0x4f, 0xff, 0xff, 0x64, 0xff, 0xff, 0xf6, 0x4f, 0xff,
    0xff, 0x64, 0xff, 0xff, 0xf6, 0x4f, 0xff, 0xff, 0x64, 0xff, 0xff, 0xf6, 0x4f, 0xff, 0xff, 0x64,
    0xff, 0xff, 0xf6, 0x4f, 0xff, 0xff, 0x63, 0xff, 0xff, 0xf5, 0x00, 0x00, 0x00, 0x00, 0x00, 0x4f,
    0xff, 0xff, 0x40, 0x00, 0x00, 0x00, 0x00, 0x05, 0xff, 0xff, 0xf5, 0x00, 0x00, 0x00, 0x00, 0x00,
    0x5f, 0xff, 0xff, 0x50, 0x00, 0x00, 0x00, 0x00, 0x05, 0xff, 0xff, 0xf5, 0x00, 0x00, 0x00, 0x00,
    0x00, 0x5f, 0xff, 0xff, 0x50, 0x00, 0x00, 0x00, 0x00, 0x05, 0xff, 0xff, 0xf5, 0x00, 0x00, 0x00,
    0x00, 0x00, 0x5f, 0xff, 0xff, 0x50, 0x00, 0x00, 0x00, 0x00, 0x05, 0xff, 0xff, 0xf5, 0x00, 0x00,
    0x00, 0x00, 0x00, 0x5f, 0xff, 0xff, 0x50, 0x00, 0x00, 0x00, 0x00, 0x05, 0xff, 0xff, 0xf5, 0x00,
    0x00, 0x00, 0x00, 0x00, 0x5f, 0xff, 0xff, 0x50, 0x00, 0x00, 0x00, 0x00, 0x05, 0xff, 0xff, 0xf5,
    0x00, 0x00, 0x00, 0x00, 0x00, 0x5f, 0xff, 0xff, 0x50, 0x00, 0x00, 0x00, 0x00, 0x05, 0xff, 0xff,
    0xf5, 0x00, 0x00, 0x00, 0x00, 0x00, 0x5f, 0xff, 0xff, 0x50, 0x00, 0x00, 0x00, 0x00, 0x05, 0xff,
    0xff, 0xf5, 0x00, 0x00, 0x00, 0x00, 0x00, 0x5f, 0xff, 0xff, 0x53, 0xbb, 0xbb, 0xa1, 0x00, 0x05,
    0xff, 0xff, 0xf5, 0x7f, 0xff, 0xff, 0x30, 0x00, 0x5f, 0xff, 0xff, 0x57, 0xff, 0xff, 0xf3, 0x00,
    0x05, 0xff, 0xff, 0xf5, 0x6f, 0xff, 0xff, 0x30, 0x00, 0x5f, 0xff, 0xff, 0x55, 0xff, 0xff, 0xf5,
    0x00, 0x07, 0xff, 0xff, 0xf3, 0x3f, 0xff, 0xff, 0xd2, 0x03, 0xef, 0xff, 0xff, 0x10, 0xef, 0xff,
    0xff, 0xfe, 0xff, 0xff, 0xff, 0xc0, 0x06, 0xff, 0xff, 0xff, 0xff, 0xff, 0xff, 0xf4, 0x00, 0x0a,
    0xff, 0xff, 0xff, 0xff, 0xff, 0xf8, 0x00, 0x00, 0x08, 0xff, 0xff, 0xff, 0xff, 0xf7, 0x00, 0x00,
    0x00, 0x02, 0x8c, 0xef, 0xec, 0x81, 0x00, 0x00, 0x2f, 0xff, 0xff, 0x50, 0x00, 0x04, 0xff, 0xff,
    0xf9, 0x4f, 0xff, 0xff, 0x60, 0x00, 0x0c, 0xff, 0xff, 0xf3, 0x4f, 0xff, 0xff, 0x60, 0x00, 0x4f,
    0xff, 0xff, 0xb0, 0x4f, 0xff, 0xff, 0x60, 0x00, 0xbf, 0xff, 0xff, 0x30, 0x4f, 0xff, 0xff, 0x60,
    0x04, 0xff, 0xff, 0xfa, 0x00, 0x4f, 0xff, 0xff, 0x60, 0x0b, 0xff, 0xff, 0xf3, 0x00, 0x4f, 0xff,
    0xff, 0x60, 0x4f, 0xff, 0xff, 0xa0, 0x00, 0x4f, 0xff, 0xff, 0x60, 0xbf, 0xff, 0xff, 0x30, 0x00,
    0x4f, 0xff, 0xff, 0x63, 0xff, 0xff, 0xfa, 0x00, 0x00, 0x4f, 0xff, 0xff, 0x6b, 0xff, 0xff, 0xf2,
    0x00, 0x00, 0x4f, 0xff, 0xff, 0xaf, 0xff, 0xff, 0xa0, 0x00, 0x00, 0x4f, 0xff, 0xff, 0xff, 0xff,
    0xff, 0x20, 0x00, 0x00, 0x4f, 0xff, 0xff, 0xff, 0xff, 0xfc, 0x00, 0x00, 0x00, 0x4f, 0xff, 0xff,
    0xff, 0xff, 0xff, 0x20, 0x00, 0x00, 0x4f, 0xff, 0xff, 0xff, 0xff, 0xff, 0x90, 0x00, 0x00, 0x4f,
    0xff, 0xff, 0xff, 0xff, 0xff, 0xe1, 0x00, 0x00, 0x4f, 0xff, 0xff, 0xff, 0xff, 0xff, 0xf6, 0x00,
    0x00, 0x4f, 0xff, 0xff, 0xf9, 0xef, 0xff, 0xfc, 0x00, 0x00, 0x4f, 0xff, 0xff, 0xe1, 0x9f, 0xff,
    0xff, 0x40, 0x00, 0x4f, 0xff, 0xff, 0x70, 0x3f, 0xff, 0xff, 0xa0, 0x00, 0x4f, 0xff, 0xff, 0x60,
    0x0c, 0xff, 0xff, 0xf2, 0x00, 0x4f, 0xff, 0xff, 0x60, 0x06, 0xff, 0xff, 0xf8, 0x00, 0x4f, 0xff,
    0xff, 0x60, 0x01, 0xef, 0xff, 0xfe, 0x00, 0x4f, 0xff, 0xff, 0x60, 0x00, 0x9f, 0xff, 0xff, 0x50,
    0x4f, 0xff, 0xff, 0x60, 0x00, 0x3f, 0xff, 0xff, 0xb0, 0x4f, 0xff, 0xff, 0x60, 0x00, 0x0c, 0xff,
    0xff, 0xf3, 0x4f, 0xff, 0xff, 0x60, 0x00, 0x06, 0xff, 0xff, 0xf9, 0x3f, 0xff, 0xff, 0x50, 0x00,
    0x01, 0xef, 0xff, 0xfe, 0x2f, 0xff, 0xff, 0x50, 0x00, 0x00, 0x00, 0x00, 0x4f, 0xff, 0xff, 0x60,
    0x00, 0x00, 0x00, 0x00, 0x4f, 0xff, 0xff, 0x60, 0x00, 0x00, 0x00, 0x00, 0x4f, 0xff, 0xff, 0x60,
    0x00, 0x00, 0x00, 0x00, 0x4f, 0xff, 0xff, 0x60, 0x00, 0x00, 0x00, 0x00, 0x4f, 0xff, 0xff, 0x60,
    0x00, 0x00, 0x00, 0x00, 0x4f, 0xff, 0xff, 0x60, 0x00, 0x00, 0x00, 0x00, 0x4f, 0xff, 0xff, 0x60,
    0x00, 0x00, 0x00, 0x00, 0x4f, 0xff, 0xff, 0x60, 0x00, 0x00, 0x00, 0x00, 0x4f, 0xff, 0xff, 0x60,
    0x00, 0x00, 0x00, 0x00, 0x4f, 0xff, 0xff, 0x60, 0x00, 0x00, 0x00, 0x00, 0x4f, 0xff, 0xff, 0x60,
    0x00, 0x00, 0x00, 0x00, 0x4f, 0xff, 0xff, 0x60, 0x00, 0x00, 0x00, 0x00, 0x4f, 0xff, 0xff, 0x60,
    0x00, 0x00, 0x00, 0x00, 0x4f, 0xff, 0xff, 0x60, 0x00, 0x00, 0x00, 0x00, 0x4f, 0xff, 0xff, 0x60,
    0x00, 0x00, 0x00, 0x00, 0x4f, 0xff, 0xff, 0x60, 0x00, 0x00, 0x00, 0x00, 0x4f, 0xff, 0xff, 0x60,
    0x00, 0x00, 0x00, 0x00, 0x4f, 0xff, 0xff, 0x60, 0x00, 0x00, 0x00, 0x00, 0x4f, 0xff, 0xff, 0x60,
    0x00, 0x00, 0x00, 0x00, 0x4f, 0xff, 0xff, 0x60, 0x00, 0x00, 0x00, 0x00, 0x4f, 0xff, 0xff, 0x60,
    0x00, 0x00, 0x00, 0x00, 0x4f, 0xff, 0xff, 0x60, 0x00, 0x00, 0x00, 0x00, 0x4f, 0xff, 0xff, 0xed,
    0xdd, 0xdd, 0xdd, 0xd5, 0x4f, 0xff, 0xff, 0xff, 0xff, 0xff, 0xff, 0xf7, 0x4f, 0xff, 0xff, 0xff,
    0xff, 0xff, 0xff, 0xf7, 0x4f, 0xff, 0xff, 0xff, 0xff, 0xff, 0xff, 0xf7, 0x3f, 0xff, 0xff, 0xff,
    0xff, 0xff, 0xff, 0xf6, 0x4f, 0xff, 0xff, 0x60, 0x00, 0x00, 0x07, 0xff, 0xff, 0xf3, 0x5f, 0xff,
    0xff, 0xe1, 0x00, 0x00, 0x1e, 0xff, 0xff, 0xf4, 0x5f, 0xff, 0xff, 0xf7, 0x00, 0x00, 0x9f, 0xff,
    0xff, 0xf4, 0x5f, 0xff, 0xff, 0xfe, 0x10, 0x02, 0xff, 0xff, 0xff, 0xf4, 0x5f, 0xff, 0xff, 0xff,
    0x90, 0x09, 0xff, 0xff, 0xff, 0xf4, 0x5f, 0xff, 0xff, 0xff, 0xf2, 0x2f, 0xff, 0xff, 0xff, 0xf4,
    0x5f, 0xff, 0xff, 0xff, 0xfa, 0xaf, 0xff, 0xff, 0xff, 0xf4, 0x5f, 0xff, 0xff, 0xff, 0xff, 0xff,
    0xff, 0xff, 0xff, 0xf4, 0x5f, 0xff, 0xff, 0xff, 0xff, 0xff, 0xff, 0xff, 0xff, 0xf4, 0x5f, 0xff,
    0xff, 0xdf, 0xff, 0xff, 0xfd, 0xff, 0xff, 0xf4, 0x5f, 0xff, 0xff, 0x6e, 0xff, 0xff, 0xe6, 0xff,
    0xff, 0xf4, 0x5f, 0xff, 0xff, 0x47, 0xff, 0xff, 0x65, 0xff, 0xff, 0xf4, 0x5f, 0xff, 0xff, 0x40,
    0xdf, 0xfc, 0x05, 0xff, 0xff, 0xf4, 0x5f, 0xff, 0xff, 0x40, 0x5f, 0xf4, 0x05, 0xff, 0xff, 0xf4,
    0x5f, 0xff, 0xff, 0x40, 0x0b, 0xa0, 0x05, 0xff, 0xff, 0xf4, 0x5f, 0xff, 0xff, 0x40, 0x02, 0x20,
    0x05, 0xff, 0xff, 0xf4, 0x5f, 0xff, 0xff, 0x40, 0x00, 0x00, 0x05, 0xff, 0xff, 0xf4, 0x5f, 0xff,
    0xff, 0x40, 0x00, 0x00, 0x05, 0xff, 0xff, 0xf4, 0x5f, 0xff, 0xff, 0x40, 0x00, 0x00, 0x05, 0xff,
    0xff, 0xf4, 0x5f, 0xff, 0xff, 0x40, 0x00, 0x00, 0x05, 0xff, 0xff, 0xf4, 0x5f, 0xff, 0xff, 0x40,
    0x00, 0x00, 0x05, 0xff, 0xff, 0xf4, 0x5f, 0xff, 0xff, 0x40, 0x00, 0x00, 0x05, 0xff, 0xff, 0xf4,
    0x5f, 0xff, 0xff, 0x40, 0x00, 0x00, 0x05, 0xff, 0xff, 0xf4, 0x5f, 0xff, 0xff, 0x40, 0x00, 0x00,
    0x05, 0xff, 0xff, 0xf4, 0x5f, 0xff, 0xff, 0x40, 0x00, 0x00, 0x05, 0xff, 0xff, 0xf4, 0x5f, 0xff,
    0xff, 0x40, 0x00, 0x00, 0x05, 0xff, 0xff, 0xf4, 0x5f, 0xff, 0xff, 0x40, 0x00, 0x00, 0x05, 0xff,
    0xff, 0xf4, 0x4f, 0xff, 0xff, 0x30, 0x00, 0x00, 0x04, 0xff, 0xff, 0xf3, 0x2f, 0xff, 0xff, 0xe1,
    0x00, 0x00, 0xaf, 0xff, 0xfb, 0x4f, 0xff, 0xff, 0xf5, 0x00, 0x00, 0xcf, 0xff, 0xfc, 0x4f, 0xff,
    0xff, 0xfa, 0x00, 0x00, 0xcf, 0xff, 0xfc, 0x4f, 0xff, 0xff, 0xfe, 0x00, 0x00, 0xcf, 0xff, 0xfc,
    0x4f, 0xff, 0xff, 0xff, 0x50, 0x00, 0xcf, 0xff, 0xfc, 0x4f, 0xff, 0xff, 0xff, 0xa0, 0x00, 0xcf,
    0xff, 0xfc, 0x4f, 0xff, 0xff, 0xff, 0xe0, 0x00, 0xcf, 0xff, 0xfc, 0x4f, 0xff, 0xff, 0xff, 0xf4,
    0x00, 0xcf, 0xff, 0xfc, 0x4f, 0xff, 0xff, 0xff, 0xf9, 0x00, 0xcf, 0xff, 0xfc, 0x4f, 0xff, 0xff,
    0xff, 0xfe, 0x00, 0xcf, 0xff, 0xfc, 0x4f, 0xff, 0xff, 0xff, 0xff, 0x40, 0xcf, 0xff, 0xfc, 0x4f,
    0xff, 0xff, 0xff, 0xff, 0x80, 0xcf, 0xff, 0xfc, 0x4f, 0xff, 0xff, 0xbf, 0xff, 0xd0, 0xcf, 0xff,
    0xfc, 0x4f, 0xff, 0xff, 0x6f, 0xff, 0xf3, 0xcf, 0xff, 0xfc, 0x4f, 0xff, 0xff, 0x5b, 0xff, 0xf8,
    0xcf, 0xff, 0xfc, 0x4f, 0xff, 0xff, 0x56, 0xff, 0xfd, 0xcf, 0xff, 0xfc, 0x4f, 0xff, 0xff, 0x51,
    0xff, 0xff, 0xff, 0xff, 0xfc, 0x4f, 0xff, 0xff, 0x50, 0xbf, 0xff, 0xff, 0xff, 0xfc, 0x4f, 0xff,
    0xff, 0x50, 0x6f, 0xff, 0xff, 0xff, 0xfc, 0x4f, 0xff, 0xff, 0x50, 0x2f, 0xff, 0xff, 0xff, 0xfc,
    0x4f, 0xff, 0xff, 0x50, 0x0c, 0xff, 0xff, 0xff, 0xfc, 0x4f, 0xff, 0xff, 0x50, 0x07, 0xff, 0xff,
    0xff, 0xfc, 0x4f, 0xff, 0xff, 0x50, 0x02, 0xff, 0xff, 0xff, 0xfc, 0x4f, 0xff, 0xff, 0x50, 0x00,
    0xcf, 0xff, 0xff, 0xfc, 0x4f, 0xff, 0xff, 0x50, 0x00, 0x7f, 0xff, 0xff, 0xfc, 0x4f, 0xff, 0xff,
    0x50, 0x00, 0x3f, 0xff, 0xff, 0xfc, 0x4f, 0xff, 0xff, 0x50, 0x00, 0x0d, 0xff, 0xff, 0xfc, 0x3f,
    0xff, 0xff, 0x40, 0x00, 0x07, 0xff, 0xff, 0xfb, 0x00, 0x00, 0x38, 0xce, 0xfe, 0xc8, 0x20, 0x00,
    0x00, 0x00, 0x9f, 0xff, 0xff, 0xff, 0xff, 0x80, 0x00, 0x00, 0xbf, 0xff, 0xff, 0xff, 0xff, 0xff,
    0xa0, 0x00, 0x8f, 0xff, 0xff, 0xff, 0xff, 0xff, 0xff, 0x60, 0x1e, 0xff, 0xff, 0xff, 0xef, 0xff,
    0xff, 0xfe, 0x05, 0xff, 0xff, 0xfc, 0x10, 0x2d, 0xff, 0xff, 0xf4, 0x8f, 0xff, 0xff, 0x30, 0x00,
    0x4f, 0xff, 0xff, 0x79, 0xff, 0xff, 0xf0, 0x00, 0x02, 0xff, 0xff, 0xf8, 0xaf, 0xff, 0xff, 0x00,
    0x00, 0x1f, 0xff, 0xff, 0x8a, 0xff, 0xff, 0xf0, 0x00, 0x01, 0xff, 0xff, 0xf8, 0xaf, 0xff, 0xff,
    0x00, 0x00, 0x1f, 0xff, 0xff, 0x8a, 0xff, 0xff, 0xf0, 0x00, 0x01, 0xff, 0xff, 0xf8, 0xaf, 0xff,
    0xff, 0x00, 0x00, 0x1f, 0xff, 0xff, 0x8a, 0xff, 0xff, 0xf0, 0x00, 0x01, 0xff, 0xff, 0xf8, 0xaf,
    0xff, 0xff, 0x00, 0x00, 0x1f, 0xff, 0xff, 0x8a, 0xff, 0xff, 0xf0, 0x00, 0x01, 0xff, 0xff, 0xf8,
    0xaf, 0xff, 0xff, 0x00, 0x00, 0x1f, 0xff, 0xff, 0x8a, 0xff, 0xff, 0xf0, 0x00, 0x01, 0xff, 0xff,
    0xf8, 0xaf, 0xff, 0xff, 0x00, 0x00, 0x1f, 0xff, 0xff, 0x8a, 0xff, 0xff, 0xf0, 0x00, 0x01, 0xff,
    0xff, 0xf8, 0x9f, 0xff, 0xff, 0x00, 0x00, 0x2f, 0xff, 0xff, 0x88, 0xff, 0xff, 0xf3, 0x00, 0x04,
    0xff, 0xff, 0xf7, 0x5f, 0xff, 0xff, 0xc1, 0x02, 0xdf, 0xff, 0xff, 0x41, 0xef, 0xff, 0xff, 0xfe,
    0xff, 0xff, 0xff, 0xe0, 0x08, 0xff, 0xff, 0xff, 0xff, 0xff, 0xff, 0xf6, 0x00, 0x0b, 0xff, 0xff,
    0xff, 0xff, 0xff, 0xfa, 0x00, 0x00, 0x09, 0xff, 0xff, 0xff, 0xff, 0xf8, 0x00, 0x00, 0x00, 0x03,
    0x8c, 0xef, 0xec, 0x82, 0x00, 0x00, 0x3f, 0xff, 0xff, 0xff, 0xff, 0xda, 0x40, 0x00, 0x04, 0xff,
    0xff, 0xff, 0xff, 0xff, 0xff, 0xa0, 0x00, 0x4f, 0xff, 0xff, 0xff, 0xff, 0xff, 0xff, 0xb0, 0x04,
    0xff, 0xff, 0xff, 0xff, 0xff, 0xff, 0xff, 0x70, 0x4f, 0xff, 0xff, 0xed, 0xef, 0xff, 0xff, 0xfe,
    0x04, 0xff, 0xff, 0xf5, 0x00, 0x3d, 0xff, 0xff, 0xf5, 0x4f, 0xff, 0xff, 0x50, 0x00, 0x4f, 0xff,
    0xff, 0x94, 0xff, 0xff, 0xf5, 0x00, 0x00, 0xff, 0xff, 0xfa, 0x4f, 0xff, 0xff, 0x50, 0x00, 0x0d,
    0xff, 0xff, 0xc4, 0xff, 0xff, 0xf5, 0x00, 0x00, 0xff, 0xff, 0xfb, 0x4f, 0xff, 0xff, 0x50, 0x00,
    0x5f, 0xff, 0xff, 0x94, 0xff, 0xff, 0xf6, 0x01, 0x5e, 0xff, 0xff, 0xf6, 0x4f, 0xff, 0xff, 0xff,
    0xff, 0xff, 0xff, 0xff, 0x14, 0xff, 0xff, 0xff, 0xff, 0xff, 0xff, 0xff, 0x90, 0x4f, 0xff, 0xff,
    0xff, 0xff, 0xff, 0xff, 0xc1, 0x04, 0xff, 0xff, 0xff, 0xff, 0xff, 0xff, 0xb1, 0x00, 0x4f, 0xff,
    0xff, 0xed, 0xdd, 0xc9, 0x40, 0x00, 0x04, 0xff, 0xff, 0xf5, 0x00, 0x00, 0x00, 0x00, 0x00, 0x4f,
    0xff, 0xff, 0x50, 0x00, 0x00, 0x00, 0x00, 0x04, 0xff, 0xff, 0xf5, 0x00, 0x00, 0x00, 0x00, 0x00,
    0x4f, 0xff, 0xff, 0x50, 0x00, 0x00, 0x00, 0x00, 0x04, 0xff, 0xff, 0xf5, 0x00, 0x00, 0x00, 0x00,
    0x00, 0x4f, 0xff, 0xff, 0x50, 0x00, 0x00, 0x00, 0x00, 0x04, 0xff, 0xff, 0xf5, 0x00, 0x00, 0x00,
    0x00, 0x00, 0x4f, 0xff, 0xff, 0x50, 0x00, 0x00, 0x00, 0x00, 0x04, 0xff, 0xff, 0xf5, 0x00, 0x00,
    0x00, 0x00, 0x00, 0x4f, 0xff, 0xff, 0x50, 0x00, 0x00, 0x00, 0x00, 0x03, 0xff, 0xff, 0xf4, 0x00,
    0x00, 0x00, 0x00, 0x00, 0x00, 0x00, 0x39, 0xce, 0xfd, 0xa5, 0x00, 0x00, 0x00, 0x00, 0x8f, 0xff,
    0xff, 0xff, 0xfd, 0x20, 0x00, 0x00, 0xaf, 0xff, 0xff, 0xff, 0xff, 0xfe, 0x20, 0x00, 0x6f, 0xff,
    0xff, 0xff, 0xff, 0xff, 0xfc, 0x00, 0x0d, 0xff, 0xff, 0xff, 0xef, 0xff, 0xff, 0xf5, 0x04, 0xff,
    0xff, 0xfb, 0x10, 0x6f, 0xff, 0xff, 0xa0, 0x7f, 0xff, 0xff, 0x30, 0x00, 0xcf, 0xff, 0xfe, 0x09,
    0xff, 0xff, 0xf0, 0x00, 0x09, 0xff, 0xff, 0xf0, 0xaf, 0xff, 0xff, 0x00, 0x00, 0x8f, 0xff, 0xff,
    0x1a, 0xff, 0xff, 0xf0, 0x00, 0x08, 0xff, 0xff, 0xf1, 0xaf, 0xff, 0xff, 0x00, 0x00, 0x8f, 0xff,
    0xff, 0x1a, 0xff, 0xff, 0xf0, 0x00, 0x08, 0xff, 0xff, 0xf1, 0xaf, 0xff, 0xff, 0x00, 0x00, 0x8f,
    0xff, 0xff, 0x1a, 0xff, 0xff, 0xf0, 0x00, 0x08, 0xff, 0xff, 0xf1, 0xaf, 0xff, 0xff, 0x00, 0x00,
    0x8f, 0xff, 0xff, 0x1a, 0xff, 0xff, 0xf0, 0x00, 0x08, 0xff, 0xff, 0xf1, 0xaf, 0xff, 0xff, 0x00,
    0x00, 0x8f, 0xff, 0xff, 0x1a, 0xff, 0xff, 0xf0, 0x00, 0x08, 0xff, 0xff, 0xf1, 0xaf, 0xff, 0xff,
    0x00, 0x00, 0x8f, 0xff, 0xff, 0x1a, 0xff, 0xff, 0xf0, 0x00, 0x08, 0xff, 0xff, 0xf1, 0x9f, 0xff,
    0xff, 0x00, 0x00, 0x8f, 0xff, 0xff, 0x19, 0xff, 0xff, 0xf1, 0x00, 0x09, 0xff, 0xff, 0xf0, 0x6f,
    0xff, 0xff, 0x40, 0x00, 0xcf, 0xff, 0xfd, 0x02, 0xff, 0xff, 0xfc, 0x31, 0x8f, 0xff, 0xff, 0x90,
    0x0b, 0xff, 0xff, 0xff, 0xff, 0xff, 0xff, 0xf3, 0x00, 0x3f, 0xff, 0xff, 0xff, 0xff, 0xff, 0xf9,
    0x00, 0x00, 0x5f, 0xff, 0xff, 0xff, 0xff, 0xfb, 0x10, 0x00, 0x00, 0x3c, 0xff, 0xff, 0xff, 0xe8,
    0x00, 0x00, 0x00, 0x00, 0x0a, 0xff, 0xff, 0xf2, 0x00, 0x00, 0x00, 0x00, 0x00, 0x9f, 0xff, 0xff,
    0x10, 0x00, 0x00, 0x00, 0x00, 0x09, 0xff, 0xff, 0xf1, 0x00, 0x00, 0x00, 0x00, 0x00, 0x8f, 0xff,
    0xfe, 0x00, 0x00, 0x00, 0x3f, 0xff, 0xff, 0xff, 0xff, 0xda, 0x40, 0x00, 0x04, 0xff, 0xff, 0xff,
    0xff, 0xff, 0xff, 0xa1, 0x00, 0x4f, 0xff, 0xff, 0xff, 0xff, 0xff, 0xff, 0xc0, 0x04, 0xff, 0xff,
    0xff, 0xff, 0xff, 0xff, 0xff, 0x70, 0x4f, 0xff, 0xff, 0xed, 0xdf, 0xff, 0xff, 0xfe, 0x14, 0xff,
    0xff, 0xf6, 0x00, 0x2d, 0xff, 0xff, 0xf5, 0x4f, 0xff, 0xff, 0x60, 0x00, 0x4f, 0xff, 0xff, 0x94,
    0xff, 0xff, 0xf6, 0x00, 0x00, 0xef, 0xff, 0xfb, 0x4f, 0xff, 0xff, 0x60, 0x00, 0x0c, 0xff, 0xff,
    0xc4, 0xff, 0xff, 0xf6, 0x00, 0x00, 0xef, 0xff, 0xfb, 0x4f, 0xff, 0xff, 0x60, 0x00, 0x5f, 0xff,
    0xff, 0xa4, 0xff, 0xff, 0xf6, 0x01, 0x5e, 0xff, 0xff, 0xf6, 0x4f, 0xff, 0xff, 0xff, 0xff, 0xff,
    0xff, 0xff, 0x14, 0xff, 0xff, 0xff, 0xff, 0xff, 0xff, 0xff, 0x80, 0x4f, 0xff, 0xff, 0xff, 0xff,
    0xff, 0xff, 0xc1, 0x04, 0xff, 0xff, 0xff, 0xff, 0xff, 0xff, 0xb1, 0x00, 0x4f, 0xff, 0xff, 0xed,
    0xff, 0xff, 0xf7, 0x00, 0x04, 0xff, 0xff, 0xf6, 0x0b, 0xff, 0xff, 0xc0, 0x00, 0x4f, 0xff, 0xff,
    0x60, 0x6f, 0xff, 0xff, 0x20, 0x04, 0xff, 0xff, 0xf6, 0x02, 0xff, 0xff, 0xf7, 0x00, 0x4f, 0xff,
    0xff, 0x60, 0x0d, 0xff, 0xff, 0xb0, 0x04, 0xff, 0xff, 0xf6, 0x00, 0x8f, 0xff, 0xff, 0x10, 0x4f,
    0xff, 0xff, 0x60, 0x04, 0xff, 0xff, 0xf6, 0x04, 0xff, 0xff, 0xf6, 0x00, 0x0e, 0xff, 0xff, 0xb0,
    0x4f, 0xff, 0xff, 0x60, 0x00, 0xaf, 0xff, 0xff, 0x14, 0xff, 0xff, 0xf6, 0x00, 0x06, 0xff, 0xff,
    0xf6, 0x4f, 0xff, 0xff, 0x60, 0x00, 0x1f, 0xff, 0xff, 0xa3, 0xff, 0xff, 0xf5, 0x00, 0x00, 0xbf,
    0xff, 0xfe, 0x00, 0x01, 0x6b, 0xef, 0xed, 0x93, 0x00, 0x00, 0x00, 0x4e, 0xff, 0xff, 0xff, 0xff,
    0xa1, 0x00, 0x04, 0xff, 0xff, 0xff, 0xff, 0xff, 0xfb, 0x00, 0x1e, 0xff, 0xff, 0xff, 0xff, 0xff,
    0xff, 0x80, 0x7f, 0xff, 0xff, 0xfe, 0xff, 0xff, 0xff, 0xe1, 0xbf, 0xff, 0xff, 0x60, 0x1b, 0xff,
    0xff, 0xf5, 0xdf, 0xff, 0xfc, 0x00, 0x02, 0xff, 0xff, 0xf8, 0xdf, 0xff, 0xfa, 0x00, 0x00, 0xff,
    0xff, 0xf9, 0xcf, 0xff, 0xfd, 0x00, 0x00, 0xdf, 0xff, 0xf8, 0x9f, 0xff, 0xff, 0x70, 0x00, 0x00,
    0x00, 0x00, 0x3f, 0xff, 0xff, 0xf7, 0x00, 0x00, 0x00, 0x00, 0x0a, 0xff, 0xff, 0xff, 0xa1, 0x00,
    0x00, 0x00, 0x01, 0xdf, 0xff, 0xff, 0xfd, 0x30, 0x00, 0x00, 0x00, 0x2d, 0xff, 0xff, 0xff, 0xf7,
    0x00, 0x00, 0x00, 0x02, 0xcf, 0xff, 0xff, 0xff, 0xa0, 0x00, 0x00, 0x00, 0x08, 0xff, 0xff, 0xff,
    0xfb, 0x00, 0x00, 0x00, 0x00, 0x4e, 0xff, 0xff, 0xff, 0x80, 0x00, 0x00, 0x00, 0x01, 0xbf, 0xff,
    0xff, 0xf2, 0x00, 0x00, 0x00, 0x00, 0x0b, 0xff, 0xff, 0xf8, 0x9d, 0xdd, 0xd9, 0x00, 0x01, 0xef,
    0xff, 0xfa, 0xcf, 0xff, 0xfc, 0x00, 0x00, 0xcf, 0xff, 0xfc, 0xbf, 0xff, 0xfe, 0x00, 0x00, 0xef,
    0xff, 0xfb, 0x9f, 0xff, 0xff, 0x90, 0x08, 0xff, 0xff, 0xf8, 0x4f, 0xff, 0xff, 0xfe, 0xef, 0xff,
    0xff, 0xf4, 0x0c, 0xff, 0xff, 0xff, 0xff, 0xff, 0xff, 0xc0, 0x02, 0xef, 0xff, 0xff, 0xff, 0xff,
    0xfe, 0x20, 0x00, 0x2c, 0xff, 0xff, 0xff, 0xff, 0xc2, 0x00, 0x00, 0x00, 0x5a, 0xde, 0xed, 0xa5,
    0x00, 0x00, 0x0e, 0xff, 0xff, 0xff, 0xff, 0xff, 0xff, 0xff, 0xfa, 0x1f, 0xff, 0xff, 0xff, 0xff,
    0xff, 0xff, 0xff, 0xfc, 0x1f, 0xff, 0xff, 0xff, 0xff, 0xff, 0xff, 0xff, 0xfc, 0x1f, 0xff, 0xff,
    0xff, 0xff, 0xff, 0xff, 0xff, 0xfc, 0x0c, 0xdd, 0xdd, 0xef, 0xff, 0xff, 0xdd, 0xdd, 0xd9, 0x00,
    0x00, 0x00, 0x9f, 0xff, 0xff, 0x10, 0x00, 0x00, 0x00, 0x00, 0x00, 0x8f, 0xff, 0xff, 0x10, 0x00,
    0x00, 0x00, 0x00, 0x00, 0x8f, 0xff, 0xff, 0x10, 0x00, 0x00, 0x00, 0x00, 0x00, 0x8f, 0xff, 0xff,
    0x10, 0x00, 0x00, 0x00, 0x00, 0x00, 0x8f, 0xff, 0xff, 0x10, 0x00, 0x00, 0x00, 0x00, 0x00, 0x8f,
    0xff, 0xff, 0x10, 0x00, 0x00, 0x00, 0x00, 0x00, 0x8f, 0xff, 0xff, 0x10, 0x00, 0x00, 0x00, 0x00,
    0x00, 0x8f, 0xff, 0xff, 0x10, 0x00, 0x00, 0x00, 0x00, 0x00, 0x8f, 0xff, 0xff, 0x10, 0x00, 0x00,
    0x00, 0x00, 0x00, 0x8f, 0xff, 0xff, 0x10, 0x00, 0x00, 0x00, 0x00, 0x00, 0x8f, 0xff, 0xff, 0x10,
    0x00, 0x00, 0x00, 0x00, 0x00, 0x8f, 0xff, 0xff, 0x10, 0x00, 0x00, 0x00, 0x00, 0x00, 0x8f, 0xff,
    0xff, 0x10, 0x00, 0x00, 0x00, 0x00, 0x00, 0x8f, 0xff, 0xff, 0x10, 0x00, 0x00, 0x00, 0x00, 0x00,
    0x8f, 0xff, 0xff, 0x10, 0x00, 0x00, 0x00, 0x00, 0x00, 0x8f, 0xff, 0xff, 0x10, 0x00, 0x00, 0x00,
    0x00, 0x00, 0x8f, 0xff, 0xff, 0x10, 0x00, 0x00, 0x00, 0x00, 0x00, 0x8f, 0xff, 0xff, 0x10, 0x00,
    0x00, 0x00, 0x00, 0x00, 0x8f, 0xff, 0xff, 0x10, 0x00, 0x00, 0x00, 0x00, 0x00, 0x8f, 0xff, 0xff,
    0x10, 0x00, 0x00, 0x00, 0x00, 0x00, 0x8f, 0xff, 0xff, 0x10, 0x00, 0x00, 0x00, 0x00, 0x00, 0x8f,
    0xff, 0xff, 0x10, 0x00, 0x00, 0x00, 0x00, 0x00, 0x7f, 0xff, 0xfe, 0x10, 0x00, 0x00, 0x4f, 0xff,
    0xff, 0x30, 0x00, 0x1e, 0xff, 0xff, 0x75, 0xff, 0xff, 0xf4, 0x00, 0x02, 0xff, 0xff, 0xf8, 0x5f,
    0xff, 0xff, 0x40, 0x00, 0x2f, 0xff, 0xff, 0x85, 0xff, 0xff, 0xf4, 0x00, 0x02, 0xff, 0xff, 0xf8,
    0x5f, 0xff, 0xff, 0x40, 0x00, 0x2f, 0xff, 0xff, 0x85, 0xff, 0xff, 0xf4, 0x00, 0x02, 0xff, 0xff,
    0xf8, 0x5f, 0xff, 0xff, 0x40, 0x00, 0x2f, 0xff, 0xff, 0x85, 0xff, 0xff, 0xf4, 0x00, 0x02, 0xff,
    0xff, 0xf8, 0x5f, 0xff, 0xff, 0x40, 0x00, 0x2f, 0xff, 0xff, 0x85, 0xff, 0xff, 0xf4, 0x00, 0x02,
    0xff, 0xff, 0xf8, 0x5f, 0xff, 0xff, 0x40, 0x00, 0x2f, 0xff, 0xff, 0x85, 0xff, 0xff, 0xf4, 0x00,
    0x02, 0xff, 0xff, 0xf8, 0x5f, 0xff, 0xff, 0x40, 0x00, 0x2f, 0xff, 0xff, 0x85, 0xff, 0xff, 0xf4,
    0x00, 0x02, 0xff, 0xff, 0xf8, 0x5f, 0xff, 0xff, 0x40, 0x00, 0x2f, 0xff, 0xff, 0x85, 0xff, 0xff,
    0xf4, 0x00, 0x02, 0xff, 0xff, 0xf8, 0x5f, 0xff, 0xff, 0x40, 0x00, 0x2f, 0xff, 0xff, 0x85, 0xff,
    0xff, 0xf4, 0x00, 0x02, 0xff, 0xff, 0xf8, 0x5f, 0xff, 0xff, 0x40, 0x00, 0x2f, 0xff, 0xff, 0x85,
    0xff, 0xff, 0xf4, 0x00, 0x02, 0xff, 0xff, 0xf8, 0x5f, 0xff, 0xff, 0x50, 0x00, 0x2f, 0xff, 0xff,
    0x73, 0xff, 0xff, 0xf8, 0x00, 0x05, 0xff, 0xff, 0xf6, 0x0f, 0xff, 0xff, 0xe3, 0x02, 0xdf, 0xff,
    0xff, 0x20, 0xaf, 0xff, 0xff, 0xfe, 0xff, 0xff, 0xff, 0xc0, 0x03, 0xff, 0xff, 0xff, 0xff, 0xff,
    0xff, 0xf4, 0x00, 0x06, 0xff, 0xff, 0xff, 0xff, 0xff, 0xf8, 0x00, 0x00, 0x05, 0xef, 0xff, 0xff,
    0xff, 0xf7, 0x00, 0x00, 0x00, 0x01, 0x7b, 0xef, 0xec, 0x82, 0x00, 0x00, 0x1f, 0xff, 0xff, 0xe0,
    0x00, 0x00, 0x4f, 0xff, 0xff, 0x80, 0xdf, 0xff, 0xff, 0x20, 0x00, 0x07, 0xff, 0xff, 0xf6, 0x0a,
    0xff, 0xff, 0xf5, 0x00, 0x00, 0x9f, 0xff, 0xff, 0x30, 0x7f, 0xff, 0xff, 0x70, 0x00, 0x0c, 0xff,
    0xff, 0xe0, 0x04, 0xff, 0xff, 0xfa, 0x00, 0x00, 0xef, 0xff, 0xfb, 0x00, 0x1f, 0xff, 0xff, 0xc0,
    0x00, 0x1f, 0xff, 0xff, 0x80, 0x00, 0xcf, 0xff, 0xfe, 0x00, 0x04, 0xff, 0xff, 0xf5, 0x00, 0x09,
    0xff, 0xff, 0xf2, 0x00, 0x6f, 0xff, 0xff, 0x20, 0x00, 0x6f, 0xff, 0xff, 0x40, 0x08, 0xff, 0xff,
    0xd0, 0x00, 0x03, 0xff, 0xff, 0xf6, 0x00, 0xaf, 0xff, 0xfa, 0x00, 0x00, 0x0e, 0xff, 0xff, 0x90,
    0x0d, 0xff, 0xff, 0x70, 0x00, 0x00, 0xbf, 0xff, 0xfb, 0x00, 0xff, 0xff, 0xf4, 0x00, 0x00, 0x08,
    0xff, 0xff, 0xd0, 0x2f, 0xff, 0xff, 0x10, 0x00, 0x00, 0x5f, 0xff, 0xff, 0x15, 0xff, 0xff, 0xd0,
    0x00, 0x00, 0x02, 0xff, 0xff, 0xf3, 0x7f, 0xff, 0xf9, 0x00, 0x00, 0x00, 0x0e, 0xff, 0xff, 0x59,
    0xff, 0xff, 0x60, 0x00, 0x00, 0x00, 0xbf, 0xff, 0xf8, 0xcf, 0xff, 0xf3, 0x00, 0x00, 0x00, 0x07,
    0xff, 0xff, 0xae, 0xff, 0xfe, 0x00, 0x00, 0x00, 0x00, 0x4f, 0xff, 0xff, 0xff, 0xff, 0xc0, 0x00,
    0x00, 0x00, 0x01, 0xff, 0xff, 0xff, 0xff, 0xf8, 0x00, 0x00, 0x00, 0x00, 0x0d, 0xff, 0xff, 0xff,
    0xff, 0x50, 0x00, 0x00, 0x00, 0x00, 0xaf, 0xff, 0xff, 0xff, 0xf2, 0x00, 0x00, 0x00, 0x00, 0x06,
    0xff, 0xff, 0xff, 0xfe, 0x00, 0x00, 0x00, 0x00, 0x00, 0x3f, 0xff, 0xff, 0xff, 0xb0, 0x00, 0x00,
    0x00, 0x00, 0x00, 0xff, 0xff, 0xff, 0xf7, 0x00, 0x00, 0x00, 0x00, 0x00, 0x0c, 0xff, 0xff, 0xff,
    0x40, 0x00, 0x00, 0x00, 0x00, 0x00, 0x9f, 0xff, 0xff, 0xf1, 0x00, 0x00, 0x00, 0x00, 0x00, 0x05,
    0xff, 0xff, 0xfc, 0x00, 0x00, 0x00, 0x2f, 0xff, 0xff, 0x90, 0x00, 0x0a, 0xff, 0xff, 0x60, 0x00,
    0x0e, 0xff, 0xff, 0xa0, 0xef, 0xff, 0xfc, 0x00, 0x00, 0xdf, 0xff, 0xf9, 0x00, 0x02, 0xff, 0xff,
    0xf8, 0x0b, 0xff, 0xff, 0xe0, 0x00, 0x0f, 0xff, 0xff, 0xb0, 0x00, 0x4f, 0xff, 0xff, 0x50, 0x8f,
    0xff, 0xff, 0x20, 0x02, 0xff, 0xff, 0xfe, 0x00, 0x06, 0xff, 0xff, 0xf2, 0x05, 0xff, 0xff, 0xf4,
    0x00, 0x4f, 0xff, 0xff, 0xf1, 0x00, 0x8f, 0xff, 0xfe, 0x00, 0x2f, 0xff, 0xff, 0x70, 0x07, 0xff,
    0xff, 0xff, 0x40, 0x0a, 0xff, 0xff, 0xc0, 0x00, 0xef, 0xff, 0xf9, 0x00, 0x9f, 0xff, 0xff, 0xf6,
    0x00, 0xcf, 0xff, 0xf9, 0x00, 0x0c, 0xff, 0xff, 0xb0, 0x0b, 0xff, 0xff, 0xff, 0x80, 0x0e, 0xff,
    0xff, 0x60, 0x00, 0x9f, 0xff, 0xfe, 0x00, 0xdf, 0xff, 0xff, 0xfb, 0x02, 0xff, 0xff, 0xf3, 0x00,
    0x06, 0xff, 0xff, 0xf1, 0x1f, 0xff, 0xff, 0xff, 0xd0, 0x4f, 0xff, 0xff, 0x10, 0x00, 0x3f, 0xff,
    0xff, 0x33, 0xff, 0xff, 0xff, 0xff, 0x16, 0xff, 0xff, 0xd0, 0x00, 0x00, 0xef, 0xff, 0xf6, 0x5f,
    0xff, 0xff, 0xff, 0xf3, 0x8f, 0xff, 0xfa, 0x00, 0x00, 0x0c, 0xff, 0xff, 0x87, 0xff, 0xfe, 0xff,
    0xff, 0x6a, 0xff, 0xff, 0x70, 0x00, 0x00, 0x9f, 0xff, 0xfb, 0xaf, 0xff, 0x9e, 0xff, 0xf8, 0xcf,
    0xff, 0xf4, 0x00, 0x00, 0x06, 0xff, 0xff, 0xdc, 0xff, 0xf7, 0xcf, 0xff, 0xbe, 0xff, 0xff, 0x10,
    0x00, 0x00, 0x3f, 0xff, 0xff, 0xff, 0xff, 0x4a, 0xff, 0xff, 0xff, 0xff, 0xe0, 0x00, 0x00, 0x00,
    0xef, 0xff, 0xff, 0xff, 0xf2, 0x7f, 0xff, 0xff, 0xff, 0xfb, 0x00, 0x00, 0x00, 0x0c, 0xff, 0xff,
    0xff, 0xff, 0x05, 0xff, 0xff, 0xff, 0xff, 0x80, 0x00, 0x00, 0x00, 0x9f, 0xff, 0xff, 0xff, 0xd0,
    0x2f, 0xff, 0xff, 0xff, 0xf5, 0x00, 0x00, 0x00, 0x06, 0xff, 0xff, 0xff, 0xfb, 0x00, 0xff, 0xff,
    0xff, 0xff, 0x20, 0x00, 0x00, 0x00, 0x3f, 0xff, 0xff, 0xff, 0x90, 0x0d, 0xff, 0xff, 0xff, 0xe0,
    0x00, 0x00, 0x00, 0x00, 0xef, 0xff, 0xff, 0xf6, 0x00, 0xaf, 0xff, 0xff, 0xfc, 0x00, 0x00, 0x00,
    0x00, 0x0c, 0xff, 0xff, 0xff, 0x40, 0x08, 0xff, 0xff, 0xff, 0x90, 0x00, 0x00, 0x00, 0x00, 0x9f,
    0xff, 0xff, 0xf2, 0x00, 0x6f, 0xff, 0xff, 0xf6, 0x00, 0x00, 0x00, 0x00, 0x06, 0xff, 0xff, 0xff,
    0x00, 0x03, 0xff, 0xff, 0xff, 0x30, 0x00, 0x00, 0x00, 0x00, 0x3f, 0xff, 0xff, 0xd0, 0x00, 0x1f,
    0xff, 0xff, 0xf1, 0x00, 0x00, 0x00, 0x00, 0x00, 0xef, 0xff, 0xfb, 0x00, 0x00, 0xdf, 0xff, 0xfd,
    0x00, 0x00, 0x00, 0x00, 0x00, 0x0b, 0xff, 0xff, 0x80, 0x00, 0x0a, 0xff, 0xff, 0x90, 0x00, 0x00,
    0xef, 0xff, 0xfb, 0x00, 0x00, 0x0a, 0xff, 0xff, 0xd9, 0xff, 0xff, 0xf1, 0x00, 0x01, 0xff, 0xff,
    0xf9, 0x3f, 0xff, 0xff, 0x60, 0x00, 0x6f, 0xff, 0xff, 0x30, 0xcf, 0xff, 0xfc, 0x00, 0x0b, 0xff,
    0xff, 0xb0, 0x05, 0xff, 0xff, 0xf2, 0x01, 0xff, 0xff, 0xf5, 0x00, 0x0e, 0xff, 0xff, 0x70, 0x6f,
    0xff, 0xfe, 0x00, 0x00, 0x8f, 0xff, 0xfc, 0x0b, 0xff, 0xff, 0x80, 0x00, 0x02, 0xff, 0xff, 0xf4,
    0xff, 0xff, 0xf2, 0x00, 0x00, 0x0b, 0xff, 0xff, 0xdf, 0xff, 0xfb, 0x00, 0x00, 0x00, 0x5f, 0xff,
    0xff, 0xff, 0xff, 0x50, 0x00, 0x00, 0x00, 0xef, 0xff, 0xff, 0xff, 0xe0, 0x00, 0x00, 0x00, 0x08,
    0xff, 0xff, 0xff, 0xf8, 0x00, 0x00, 0x00, 0x00, 0x2f, 0xff, 0xff, 0xff, 0x20, 0x00, 0x00, 0x00,
    0x00, 0xbf, 0xff, 0xff, 0xb0, 0x00, 0x00, 0x00, 0x00, 0x09, 0xff, 0xff, 0xf9, 0x00, 0x00, 0x00,
    0x00, 0x01, 0xef, 0xff, 0xff, 0xe1, 0x00, 0x00, 0x00, 0x00, 0x7f, 0xff, 0xff, 0xff, 0x70, 0x00,
    0x00, 0x00, 0x0d, 0xff, 0xff, 0xff, 0xfd, 0x00, 0x00, 0x00, 0x04, 0xff, 0xff, 0xff, 0xff, 0xf4,
    0x00, 0x00, 0x00, 0xaf, 0xff, 0xff, 0xff, 0xff, 0xa0, 0x00, 0x00, 0x2f, 0xff, 0xff, 0x7f, 0xff,
    0xff, 0x20, 0x00, 0x08, 0xff, 0xff, 0xd0, 0xdf, 0xff, 0xf8, 0x00, 0x00, 0xdf, 0xff, 0xf8, 0x07,
    0xff, 0xff, 0xd0, 0x00, 0x5f, 0xff, 0xff, 0x20, 0x2f, 0xff, 0xff, 0x50, 0x0b, 0xff, 0xff, 0xc0,
    0x00, 0xcf, 0xff, 0xfb, 0x02, 0xff, 0xff, 0xf7, 0x00, 0x07, 0xff, 0xff, 0xf2, 0x8f, 0xff, 0xff,
    0x10, 0x00, 0x1f, 0xff, 0xff, 0x8d, 0xff, 0xff, 0xa0, 0x00, 0x00, 0xaf, 0xff, 0xfe, 0xef, 0xff,
    0xfd, 0x00, 0x00, 0x0d, 0xff, 0xff, 0xda, 0xff, 0xff, 0xf2, 0x00, 0x03, 0xff, 0xff, 0xf9, 0x5f,
    0xff, 0xff, 0x60, 0x00, 0x7f, 0xff, 0xff, 0x41, 0xef, 0xff, 0xfa, 0x00, 0x0b, 0xff, 0xff, 0xe0,
    0x0a, 0xff, 0xff, 0xe0, 0x00, 0xef, 0xff, 0xf9, 0x00, 0x5f, 0xff, 0xff, 0x20, 0x3f, 0xff, 0xff,
    0x40, 0x00, 0xef, 0xff, 0xf6, 0x07, 0xff, 0xff, 0xe0, 0x00, 0x0a, 0xff, 0xff, 0xa0, 0xbf, 0xff,
    0xf9, 0x00, 0x00, 0x5f, 0xff, 0xfe, 0x0e, 0xff, 0xff, 0x30, 0x00, 0x00, 0xef, 0xff, 0xf6, 0xff,
    0xff, 0xd0, 0x00, 0x00, 0x09, 0xff, 0xff, 0xef, 0xff, 0xf8, 0x00, 0x00, 0x00, 0x4f, 0xff, 0xff,
    0xff, 0xff, 0x30, 0x00, 0x00, 0x00, 0xef, 0xff, 0xff, 0xff, 0xd0, 0x00, 0x00, 0x00, 0x09, 0xff,
    0xff, 0xff, 0xf8, 0x00, 0x00, 0x00, 0x00, 0x4f, 0xff, 0xff, 0xff, 0x30, 0x00, 0x00, 0x00, 0x00,
    0xef, 0xff, 0xff, 0xc0, 0x00, 0x00, 0x00, 0x00, 0x09, 0xff, 0xff, 0xf7, 0x00, 0x00, 0x00, 0x00,
    0x00, 0x5f, 0xff, 0xff, 0x40, 0x00, 0x00, 0x00, 0x00, 0x05, 0xff, 0xff, 0xf4, 0x00, 0x00, 0x00,
    0x00, 0x00, 0x5f, 0xff, 0xff, 0x40, 0x00, 0x00, 0x00, 0x00, 0x05, 0xff, 0xff, 0xf4, 0x00, 0x00,
    0x00, 0x00, 0x00, 0x5f, 0xff, 0xff, 0x40, 0x00, 0x00, 0x00, 0x00, 0x05, 0xff, 0xff, 0xf4, 0x00,
    0x00, 0x00, 0x00, 0x00, 0x5f, 0xff, 0xff, 0x40, 0x00, 0x00, 0x00, 0x00, 0x05, 0xff, 0xff, 0xf4,
    0x00, 0x00, 0x00, 0x00, 0x00, 0x5f, 0xff, 0xff, 0x40, 0x00, 0x00, 0x00, 0x00, 0x05, 0xff, 0xff,
    0xf4, 0x00, 0x00, 0x00, 0x00, 0x00, 0x4f, 0xff, 0xff, 0x30, 0x00, 0x00, 0x2f, 0xff, 0xff, 0xff,
    0xff, 0xff, 0xff, 0xf7, 0x3f, 0xff, 0xff, 0xff, 0xff, 0xff, 0xff, 0xf8, 0x3f, 0xff, 0xff, 0xff,
    0xff, 0xff, 0xff, 0xf8, 0x3f, 0xff, 0xff, 0xff, 0xff, 0xff, 0xff, 0xf8, 0x2d, 0xdd, 0xdd, 0xdd,
    0xde, 0xff, 0xff, 0xf7, 0x00, 0x00, 0x00, 0x00, 0x0b, 0xff, 0xff, 0xf3, 0x00, 0x00, 0x00, 0x00,
    0x3f, 0xff, 0xff, 0xb0, 0x00, 0x00, 0x00, 0x00, 0xaf, 0xff, 0xff, 0x40, 0x00, 0x00, 0x00, 0x02,
    0xff, 0xff, 0xfc, 0x00, 0x00, 0x00, 0x00, 0x0a, 0xff, 0xff, 0xf4, 0x00, 0x00, 0x00, 0x00, 0x2f,
    0xff, 0xff, 0xc0, 0x00, 0x00, 0x00, 0x00, 0x9f, 0xff, 0xff, 0x50, 0x00, 0x00, 0x00, 0x02, 0xff,
    0xff, 0xfd, 0x00, 0x00, 0x00, 0x00, 0x08, 0xff, 0xff, 0xf6, 0x00, 0x00, 0x00, 0x00, 0x1e, 0xff,
    0xff, 0xd0, 0x00, 0x00, 0x00, 0x00, 0x8f, 0xff, 0xff, 0x60, 0x00, 0x00, 0x00, 0x01, 0xef, 0xff,
    0xfe, 0x00, 0x00, 0x00, 0x00, 0x07, 0xff, 0xff, 0xf7, 0x00, 0x00, 0x00, 0x00, 0x1e, 0xff, 0xff,
    0xe1, 0x00, 0x00, 0x00, 0x00, 0x7f, 0xff, 0xff, 0x70, 0x00, 0x00, 0x00, 0x00, 0xef, 0xff, 0xfe,
    0x10, 0x00, 0x00, 0x00, 0x06, 0xff, 0xff, 0xf8, 0x00, 0x00, 0x00, 0x00, 0x0d, 0xff, 0xff, 0xe1,
    0x00, 0x00, 0x00, 0x00, 0x3f, 0xff, 0xff, 0xfd, 0xdd, 0xdd, 0xdd, 0xd6, 0x3f, 0xff, 0xff, 0xff,
    0xff, 0xff, 0xff, 0xf8, 0x3f, 0xff, 0xff, 0xff, 0xff, 0xff, 0xff, 0xf8, 0x3f, 0xff, 0xff, 0xff,
    0xff, 0xff, 0xff, 0xf8, 0x2f, 0xff, 0xff, 0xff, 0xff, 0xff, 0xff, 0xf7, 0xcf, 0xff, 0xff, 0xff,
    0xf3, 0xdf, 0xff, 0xff, 0xff, 0xf4, 0xdf, 0xff, 0xff, 0xff, 0xf4, 0xdf, 0xff, 0xff, 0xff, 0xf4,
    0xdf, 0xff, 0xff, 0xdd, 0xd2, 0xdf, 0xff, 0xfc, 0x00, 0x00, 0xdf, 0xff, 0xfc, 0x00, 0x00, 0xdf,
    0xff, 0xfc, 0x00, 0x00, 0xdf, 0xff, 0xfc, 0x00, 0x00, 0xdf, 0xff, 0xfc, 0x00, 0x00, 0xdf, 0xff,
    0xfc, 0x00, 0x00, 0xdf, 0xff, 0xfc, 0x00, 0x00, 0xdf, 0xff, 0xfc, 0x00, 0x00, 0xdf, 0xff, 0xfc,
    0x00, 0x00, 0xdf, 0xff, 0xfc, 0x00, 0x00, 0xdf, 0xff, 0xfc, 0x00, 0x00, 0xdf, 0xff, 0xfc, 0x00,
    0x00, 0xdf, 0xff, 0xfc, 0x00, 0x00, 0xdf, 0xff, 0xfc, 0x00, 0x00, 0xdf, 0xff, 0xfc, 0x00, 0x00,
    0xdf, 0xff, 0xfc, 0x00, 0x00, 0xdf, 0xff, 0xfc, 0x00, 0x00, 0xdf, 0xff, 0xfc, 0x00, 0x00, 0xdf,
    0xff, 0xfc, 0x00, 0x00, 0xdf, 0xff, 0xfc, 0x00, 0x00, 0xdf, 0xff, 0xfc, 0x00, 0x00, 0xdf, 0xff,
    0xfc, 0x00, 0x00, 0xdf, 0xff, 0xfc, 0x00, 0x00, 0xdf, 0xff, 0xfc, 0x00, 0x00, 0xdf, 0xff, 0xfc,
    0x00, 0x00, 0xdf, 0xff, 0xfc, 0x00, 0x00, 0xdf, 0xff, 0xfc, 0x00, 0x00, 0xdf, 0xff, 0xfc, 0x00,
    0x00, 0xdf, 0xff, 0xff, 0xdd, 0xd2, 0xdf, 0xff, 0xff, 0xff, 0xf4, 0xdf, 0xff, 0xff, 0xff, 0xf4,
    0xdf, 0xff, 0xff, 0xff, 0xf4, 0xcf, 0xff, 0xff, 0xff, 0xf3, 0x6f, 0xff, 0xff, 0x20, 0x00, 0x00,
    0x00, 0x03, 0xff, 0xff, 0xf7, 0x00, 0x00, 0x00, 0x00, 0x0d, 0xff, 0xff, 0xc0, 0x00, 0x00, 0x00,
    0x00, 0x8f, 0xff, 0xff, 0x20, 0x00, 0x00, 0x00, 0x03, 0xff, 0xff, 0xf7, 0x00, 0x00, 0x00, 0x00,
    0x0d, 0xff, 0xff, 0xc0, 0x00, 0x00, 0x00, 0x00, 0x8f, 0xff, 0xff, 0x20, 0x00, 0x00, 0x00, 0x03,
    0xff, 0xff, 0xf6, 0x00, 0x00, 0x00, 0x00, 0x0d, 0xff, 0xff, 0xb0, 0x00, 0x00, 0x00, 0x00, 0x9f,
    0xff, 0xff, 0x10, 0x00, 0x00, 0x00, 0x04, 0xff, 0xff, 0xf6, 0x00, 0x00, 0x00, 0x00, 0x0e, 0xff,
    0xff, 0xb0, 0x00, 0x00, 0x00, 0x00, 0x9f, 0xff, 0xff, 0x10, 0x00, 0x00, 0x00, 0x04, 0xff, 0xff,
    0xf6, 0x00, 0x00, 0x00, 0x00, 0x0e, 0xff, 0xff, 0xb0, 0x00, 0x00, 0x00, 0x00, 0x9f, 0xff, 0xff,
    0x10, 0x00, 0x00, 0x00, 0x04, 0xff, 0xff, 0xf5, 0x00, 0x00, 0x00, 0x00, 0x0e, 0xff, 0xff, 0xa0,
    0x00, 0x00, 0x00, 0x00, 0xaf, 0xff, 0xff, 0x10, 0x00, 0x00, 0x00, 0x05, 0xff, 0xff, 0xf5, 0x00,
    0x00, 0x00, 0x00, 0x1e, 0xff, 0xff, 0xa0, 0x00, 0x00, 0x00, 0x00, 0xaf, 0xff, 0xfe, 0x00, 0x00,
    0x00, 0x00, 0x05, 0xff, 0xff, 0xf5, 0x00, 0x00, 0x00, 0x00, 0x1f, 0xff, 0xff, 0xa0, 0x00, 0x00,
    0x00, 0x00, 0xaf, 0xff, 0xfe, 0x00, 0x00, 0x00, 0x00, 0x06, 0xff, 0xff, 0xf4, 0x00, 0x00, 0x00,
    0x00, 0x1f, 0xff, 0xff, 0x90, 0x00, 0x00, 0x00, 0x00, 0xaf, 0xff, 0xfd, 0x6f, 0xff, 0xff, 0xff,
    0xf9, 0x7f, 0xff, 0xff, 0xff, 0xfa, 0x7f, 0xff, 0xff, 0xff, 0xfa, 0x7f, 0xff, 0xff, 0xff, 0xfa,
    0x5d, 0xdd, 0xff, 0xff, 0xfa, 0x00, 0x00, 0xff, 0xff, 0xfa, 0x00, 0x00, 0xff, 0xff, 0xfa, 0x00,
    0x00, 0xff, 0xff, 0xfa, 0x00, 0x00, 0xff, 0xff, 0xfa, 0x00, 0x00, 0xff, 0xff, 0xfa, 0x00, 0x00,
    0xff, 0xff, 0xfa, 0x00, 0x00, 0xff, 0xff, 0xfa, 0x00, 0x00, 0xff, 0xff, 0xfa, 0x00, 0x00, 0xff,
    0xff, 0xfa, 0x00, 0x00, 0xff, 0xff, 0xfa, 0x00, 0x00, 0xff, 0xff, 0xfa, 0x00, 0x00, 0xff, 0xff,
    0xfa, 0x00, 0x00, 0xff, 0xff, 0xfa, 0x00, 0x00, 0xff, 0xff, 0xfa, 0x00, 0x00, 0xff, 0xff, 0xfa,
    0x00, 0x00, 0xff, 0xff, 0xfa, 0x00, 0x00, 0xff, 0xff, 0xfa, 0x00, 0x00, 0xff, 0xff, 0xfa, 0x00,
    0x00, 0xff, 0xff, 0xfa, 0x00, 0x00, 0xff, 0xff, 0xfa, 0x00, 0x00, 0xff, 0xff, 0xfa, 0x00, 0x00,
    0xff, 0xff, 0xfa, 0x00, 0x00, 0xff, 0xff, 0xfa, 0x00, 0x00, 0xff, 0xff, 0xfa, 0x00, 0x00, 0xff,
    0xff, 0xfa, 0x00, 0x00, 0xff, 0xff, 0xfa, 0x00, 0x00, 0xff, 0xff, 0xfa, 0x00, 0x00, 0xff, 0xff,
    0xfa, 0x5d, 0xdd, 0xff, 0xff, 0xfa, 0x7f, 0xff, 0xff, 0xff, 0xfa, 0x7f, 0xff, 0xff, 0xff, 0xfa,
    0x7f, 0xff, 0xff, 0xff, 0xfa, 0x6f, 0xff, 0xff, 0xff, 0xf9, 0x00, 0x00, 0x2e, 0xff, 0xfd, 0x00,
    0x00, 0x00, 0x00, 0x07, 0xff, 0xff, 0xf4, 0x00, 0x00, 0x00, 0x00, 0xbf, 0xff, 0xff, 0x80, 0x00,
    0x00, 0x00, 0x1f, 0xff, 0xff, 0xfd, 0x00, 0x00, 0x00, 0x06, 0xff, 0xff, 0xff, 0xf3, 0x00, 0x00,
    0x00, 0xbf, 0xff, 0xff, 0xff, 0x80, 0x00, 0x00, 0x1f, 0xff, 0xfc, 0xff, 0xfd, 0x00, 0x00, 0x05,
    0xff, 0xff, 0x3f, 0xff, 0xf3, 0x00, 0x00, 0xaf, 0xff, 0xb0, 0xdf, 0xff, 0x80, 0x00, 0x0e, 0xff,
    0xf7, 0x09, 0xff, 0xfd, 0x00, 0x05, 0xff, 0xff, 0x30, 0x5f, 0xff, 0xf3, 0x00, 0x9f, 0xff, 0xe0,
    0x01, 0xff, 0xff, 0x80, 0x0e, 0xff, 0xfa, 0x00, 0x0c, 0xff, 0xfd, 0x04, 0xff, 0xff, 0x60, 0x00,
    0x8f, 0xff, 0xf2, 0x9f, 0xff, 0xf2, 0x00, 0x03, 0xff, 0xff, 0x7c, 0xff, 0xfc, 0x00, 0x00, 0x0d,
    0xff, 0xfb, 0x4d, 0xdd, 0xdd, 0xdd, 0xdd, 0xdd, 0xdd, 0xdd, 0x37, 0xff, 0xff, 0xff, 0xff, 0xff,
    0xff, 0xff, 0xf4, 0x7f, 0xff, 0xff, 0xff, 0xff, 0xff, 0xff, 0xff, 0x47, 0xff, 0xff, 0xff, 0xff,
    0xff, 0xff, 0xff, 0xf4, 0x5f, 0xff, 0xff, 0xff, 0xff, 0xff, 0xff, 0xff, 0x30, 0x1d, 0xdd, 0xd7,
    0x00, 0x07, 0xff, 0xff, 0x20, 0x00, 0xbf, 0xff, 0xb0, 0x00, 0x1d, 0xff, 0xf5, 0x00, 0x03, 0xef,
    0xfd, 0x00, 0x00, 0x05, 0xad, 0xfe, 0xda, 0x50, 0x00, 0x00, 0x00, 0x3d, 0xff, 0xff, 0xff, 0xff,
    0xc2, 0x00, 0x00, 0x3e, 0xff, 0xff, 0xff, 0xff, 0xff, 0xe2, 0x00, 0x0c, 0xff, 0xff, 0xff, 0xff,
    0xff, 0xff, 0xc0, 0x04, 0xff, 0xff, 0xff, 0xee, 0xff, 0xff, 0xff, 0x30, 0x7f, 0xff, 0xff, 0x90,
    0x0a, 0xff, 0xff, 0xf7, 0x05, 0x99, 0x99, 0x91, 0x00, 0x2f, 0xff, 0xff, 0x90, 0x00, 0x00, 0x00,
    0x00, 0x01, 0xff, 0xff, 0xf9, 0x00, 0x00, 0x59, 0xce, 0xff, 0xff, 0xff, 0xff, 0x90, 0x03, 0xdf,
    0xff, 0xff, 0xff, 0xff, 0xff, 0xf9, 0x01, 0xef, 0xff, 0xff, 0xff, 0xff, 0xff, 0xff, 0x90, 0x8f,
    0xff, 0xff, 0xff, 0xff, 0xff, 0xff, 0xf9, 0x0d, 0xff, 0xff, 0xf9, 0x10, 0x1f, 0xff, 0xff, 0x90,
    0xff, 0xff, 0xfd, 0x00, 0x01, 0xff, 0xff, 0xf9, 0x1f, 0xff, 0xff, 0xc0, 0x00, 0x2f, 0xff, 0xff,
    0x90, 0xff, 0xff, 0xff, 0x30, 0x1b, 0xff, 0xff, 0xf9, 0x0e, 0xff, 0xff, 0xff, 0xef, 0xff, 0xff,
    0xff, 0x90, 0xbf, 0xff, 0xff, 0xff, 0xff, 0xff, 0xff, 0xf9, 0x05, 0xff, 0xff, 0xff, 0xff, 0xff,
    0xff, 0xff, 0x90, 0x08, 0xff, 0xff, 0xff, 0xf9, 0xff, 0xff, 0xf9, 0x00, 0x04, 0xad, 0xfe, 0xb5,
    0x0e, 0xff, 0xff, 0x80, 0x6f, 0xff, 0xff, 0x20, 0x00, 0x00, 0x00, 0x00, 0x7f, 0xff, 0xff, 0x20,
    0x00, 0x00, 0x00, 0x00, 0x7f, 0xff, 0xff, 0x20, 0x00, 0x00, 0x00, 0x00, 0x7f, 0xff, 0xff, 0x20,
    0x00, 0x00, 0x00, 0x00, 0x7f, 0xff, 0xff, 0x20, 0x00, 0x00, 0x00, 0x00, 0x7f, 0xff, 0xff, 0x20,
    0x00, 0x00, 0x00, 0x00, 0x7f, 0xff, 0xff, 0x20, 0x00, 0x00, 0x00, 0x00, 0x7f, 0xff, 0xff, 0x25,
    0xce, 0xec, 0x71, 0x00, 0x7f, 0xff, 0xff, 0xbf, 0xff, 0xff, 0xfc, 0x10, 0x7f, 0xff, 0xff, 0xff,
    0xff, 0xff, 0xff, 0x90, 0x7f, 0xff, 0xff, 0xff, 0xff, 0xff, 0xff, 0xf1, 0x7f, 0xff, 0xff, 0xfe,
    0xef, 0xff, 0xff, 0xf5, 0x7f, 0xff, 0xff, 0xa1, 0x0a, 0xff, 0xff, 0xf7, 0x7f, 0xff, 0xff, 0x30,
    0x03, 0xff, 0xff, 0xf8, 0x7f, 0xff, 0xff, 0x20, 0x01, 0xff, 0xff, 0xf8, 0x7f, 0xff, 0xff, 0x20,
    0x01, 0xff, 0xff, 0xf8, 0x7f, 0xff, 0xff, 0x20, 0x01, 0xff, 0xff, 0xf8, 0x7f, 0xff, 0xff, 0x20,
    0x01, 0xff, 0xff, 0xf8, 0x7f, 0xff, 0xff, 0x20, 0x01, 0xff, 0xff, 0xf8, 0x7f, 0xff, 0xff, 0x20,
    0x01, 0xff, 0xff, 0xf8, 0x7f, 0xff, 0xff, 0x20, 0x01, 0xff, 0xff, 0xf8, 0x7f, 0xff, 0xff, 0x30,
    0x03, 0xff, 0xff, 0xf8, 0x7f, 0xff, 0xff, 0xa0, 0x0a, 0xff, 0xff, 0xf7, 0x7f, 0xff, 0xff, 0xfe,
    0xef, 0xff, 0xff, 0xf5, 0x7f, 0xff, 0xff, 0xff, 0xff, 0xff, 0xff, 0xf1, 0x7f, 0xff, 0xff, 0xff,
    0xff, 0xff, 0xff, 0x90, 0x7f, 0xff, 0xff, 0xdf, 0xff, 0xff, 0xfc, 0x10, 0x6f, 0xff, 0xff, 0x27,
    0xcf, 0xec, 0x71, 0x00, 0x00, 0x01, 0x7b, 0xef, 0xed, 0xa5, 0x00, 0x00, 0x00, 0x5e, 0xff, 0xff,
    0xff, 0xff, 0xc2, 0x00, 0x05, 0xff, 0xff, 0xff, 0xff, 0xff, 0xfd, 0x10, 0x1e, 0xff, 0xff, 0xff,
    0xff, 0xff, 0xff, 0xa0, 0x6f, 0xff, 0xff, 0xfe, 0xff, 0xff, 0xff, 0xf1, 0xaf, 0xff, 0xff, 0x70,
    0x1c, 0xff, 0xff, 0xf4, 0xbf, 0xff, 0xfe, 0x00, 0x05, 0xff, 0xff, 0xf5, 0xcf, 0xff, 0xfd, 0x00,
    0x02, 0xbb, 0xbb, 0xb3, 0xcf, 0xff, 0xfd, 0x00, 0x00, 0x00, 0x00, 0x00, 0xcf, 0xff, 0xfd, 0x00,
    0x00, 0x00, 0x00, 0x00, 0xcf, 0xff, 0xfd, 0x00, 0x00, 0x00, 0x00, 0x00, 0xcf, 0xff, 0xfd, 0x00,
    0x00, 0x00, 0x00, 0x00, 0xcf, 0xff, 0xfd, 0x00, 0x00, 0x00, 0x00, 0x00, 0xcf, 0xff, 0xfd, 0x00,
    0x03, 0xdd, 0xdd, 0xd4, 0xbf, 0xff, 0xfe, 0x00, 0x05, 0xff, 0xff, 0xf5, 0xaf, 0xff, 0xff, 0x70,
    0x1c, 0xff, 0xff, 0xf4, 0x7f, 0xff, 0xff, 0xfe, 0xff, 0xff, 0xff, 0xf1, 0x1e, 0xff, 0xff, 0xff,
    0xff, 0xff, 0xff, 0xa0, 0x06, 0xff, 0xff, 0xff, 0xff, 0xff, 0xfd, 0x20, 0x00, 0x6e, 0xff, 0xff,
    0xff, 0xff, 0xc2, 0x00, 0x00, 0x01, 0x7b, 0xef, 0xed, 0xa5, 0x00, 0x00, 0x00, 0x00, 0x00, 0x00,
    0x04, 0xff, 0xff, 0xf3, 0x00, 0x00, 0x00, 0x00, 0x05, 0xff, 0xff, 0xf4, 0x00, 0x00, 0x00, 0x00,
    0x05, 0xff, 0xff, 0xf4, 0x00, 0x00, 0x00, 0x00, 0x05, 0xff, 0xff, 0xf4, 0x00, 0x00, 0x00, 0x00,
    0x05, 0xff, 0xff, 0xf4, 0x00, 0x00, 0x00, 0x00, 0x05, 0xff, 0xff, 0xf4, 0x00, 0x00, 0x00, 0x00,
    0x05, 0xff, 0xff, 0xf4, 0x00, 0x19, 0xdf, 0xea, 0x35, 0xff, 0xff, 0xf4, 0x03, 0xef, 0xff, 0xff,
    0xfa, 0xff, 0xff, 0xf4, 0x0c, 0xff, 0xff, 0xff, 0xff, 0xff, 0xff, 0xf4, 0x4f, 0xff, 0xff, 0xff,
    0xff, 0xff, 0xff, 0xf4, 0x8f, 0xff, 0xff, 0xfc, 0xef, 0xff, 0xff, 0xf4, 0xbf, 0xff, 0xff, 0x60,
    0x1c, 0xff, 0xff, 0xf4, 0xbf, 0xff, 0xfe, 0x00, 0x06, 0xff, 0xff, 0xf4, 0xcf, 0xff, 0xfd, 0x00,
    0x05, 0xff, 0xff, 0xf4, 0xcf, 0xff, 0xfd, 0x00, 0x05, 0xff, 0xff, 0xf4, 0xcf, 0xff, 0xfd, 0x00,
    0x05, 0xff, 0xff, 0xf4, 0xcf, 0xff, 0xfd, 0x00, 0x05, 0xff, 0xff, 0xf4, 0xcf, 0xff, 0xfd, 0x00,
    0x05, 0xff, 0xff, 0xf4, 0xcf, 0xff, 0xfd, 0x00, 0x05, 0xff, 0xff, 0xf4, 0xcf, 0xff, 0xfd, 0x00,
    0x05, 0xff, 0xff, 0xf4, 0xbf, 0xff, 0xfe, 0x00, 0x06, 0xff, 0xff, 0xf4, 0xaf, 0xff, 0xff, 0x70,
    0x1c, 0xff, 0xff, 0xf4, 0x8f, 0xff, 0xff, 0xfe, 0xff, 0xff, 0xff, 0xf4, 0x4f, 0xff, 0xff, 0xff,
    0xff, 0xff, 0xff, 0xf4, 0x0c, 0xff, 0xff, 0xff, 0xff, 0xff, 0xff, 0xf4, 0x02, 0xef, 0xff, 0xff,
    0xfd, 0xff, 0xff, 0xf4, 0x00, 0x19, 0xdf, 0xeb, 0x54, 0xff, 0xff, 0xf3, 0x00, 0x01, 0x7b, 0xef,
    0xed, 0xa5, 0x00, 0x00, 0x00, 0x5e, 0xff, 0xff, 0xff, 0xff, 0xc2, 0x00, 0x05, 0xff, 0xff, 0xff,
    0xff, 0xff, 0xfd, 0x10, 0x1e, 0xff, 0xff, 0xff, 0xff, 0xff, 0xff, 0xa0, 0x6f, 0xff, 0xff, 0xfe,
    0xff, 0xff, 0xff, 0xf1, 0xaf, 0xff, 0xff, 0x60, 0x1b, 0xff, 0xff, 0xf4, 0xbf, 0xff, 0xfe, 0x00,
    0x05, 0xff, 0xff, 0xf5, 0xcf, 0xff, 0xfd, 0x00, 0x04, 0xff, 0xff, 0xf5, 0xcf, 0xff, 0xff, 0xff,
    0xff, 0xff, 0xff, 0xf5, 0xcf, 0xff, 0xff, 0xff, 0xff, 0xff, 0xff, 0xf5, 0xcf, 0xff, 0xff, 0xff,
    0xff, 0xff, 0xff, 0xf5, 0xcf, 0xff, 0xff, 0xff, 0xff, 0xff, 0xff, 0xf4, 0xcf, 0xff, 0xfd, 0x00,
    0x00, 0x00, 0x00, 0x00, 0xcf, 0xff, 0xfd, 0x00, 0x00, 0x00, 0x00, 0x00, 0xbf, 0xff, 0xff, 0x00,
    0x05, 0xef, 0xff, 0xe2, 0xaf, 0xff, 0xff, 0x80, 0x1c, 0xff, 0xff, 0xf1, 0x7f, 0xff, 0xff, 0xfe,
    0xff, 0xff, 0xff, 0xd0, 0x2e, 0xff, 0xff, 0xff, 0xff, 0xff, 0xff, 0x70, 0x06, 0xff, 0xff, 0xff,
    0xff, 0xff, 0xfc, 0x00, 0x00, 0x6e, 0xff, 0xff, 0xff, 0xff, 0xc2, 0x00, 0x00, 0x01, 0x7b, 0xef,
    0xed, 0xa5, 0x00, 0x00, 0x00, 0x00, 0x04, 0x9c, 0xef, 0xc0, 0x00, 0x01, 0xbf, 0xff, 0xff, 0xc0,
    0x00, 0x0a, 0xff, 0xff, 0xff, 0xc0, 0x00, 0x1f, 0xff, 0xff, 0xff, 0xb0, 0x00, 0x4f, 0xff, 0xff,
    0xc2, 0x00, 0x00, 0x6f, 0xff, 0xff, 0x50, 0x00, 0x00, 0x6f, 0xff, 0xff, 0x30, 0x00, 0x3f, 0xff,
    0xff, 0xff, 0xff, 0xe1, 0x4f, 0xff, 0xff, 0xff, 0xff, 0xf1, 0x4f, 0xff, 0xff, 0xff, 0xff, 0xf1,
    0x3f, 0xff, 0xff, 0xff, 0xff, 0xe1, 0x00, 0x6f, 0xff, 0xff, 0x30, 0x00, 0x00, 0x6f, 0xff, 0xff,
    0x30, 0x00, 0x00, 0x6f, 0xff, 0xff, 0x30, 0x00, 0x00, 0x6f, 0xff, 0xff, 0x30, 0x00, 0x00, 0x6f,
    0xff, 0xff, 0x30, 0x00, 0x00, 0x6f, 0xff, 0xff, 0x30, 0x00, 0x00, 0x6f, 0xff, 0xff, 0x30, 0x00,
    0x00, 0x6f, 0xff, 0xff, 0x30, 0x00, 0x00, 0x6f, 0xff, 0xff, 0x30, 0x00, 0x00, 0x6f, 0xff, 0xff,
    0x30, 0x00, 0x00, 0x6f, 0xff, 0xff, 0x30, 0x00, 0x00, 0x6f, 0xff, 0xff, 0x30, 0x00, 0x00, 0x6f,
    0xff, 0xff, 0x30, 0x00, 0x00, 0x6f, 0xff, 0xff, 0x30, 0x00, 0x00, 0x6f, 0xff, 0xff, 0x30, 0x00,
    0x00, 0x6f, 0xff, 0xff, 0x30, 0x00, 0x00, 0x5f, 0xff, 0xff, 0x20, 0x00, 0x00, 0x29, 0xdf, 0xeb,
    0x34, 0xff, 0xff, 0xf4, 0x03, 0xef, 0xff, 0xff, 0xfa, 0xff, 0xff, 0xf5, 0x0d, 0xff, 0xff, 0xff,
    0xff, 0xff, 0xff, 0xf5, 0x4f, 0xff, 0xff, 0xff, 0xff, 0xff, 0xff, 0xf5, 0x8f, 0xff, 0xff, 0xfe,
    0xff, 0xff, 0xff, 0xf5, 0xaf, 0xff, 0xff, 0x70, 0x1d, 0xff, 0xff, 0xf5, 0xbf, 0xff, 0xfe, 0x00,
    0x06, 0xff, 0xff, 0xf5, 0xcf, 0xff, 0xfd, 0x00, 0x05, 0xff, 0xff, 0xf5, 0xcf, 0xff, 0xfd, 0x00,
    0x05, 0xff, 0xff, 0xf5, 0xcf, 0xff, 0xfd, 0x00, 0x05, 0xff, 0xff, 0xf5, 0xcf, 0xff, 0xfd, 0x00,
    0x05, 0xff, 0xff, 0xf5, 0xcf, 0xff, 0xfd, 0x00, 0x05, 0xff, 0xff, 0xf5, 0xcf, 0xff, 0xfd, 0x00,
    0x05, 0xff, 0xff, 0xf5, 0xcf, 0xff, 0xfd, 0x00, 0x05, 0xff, 0xff, 0xf5, 0xbf, 0xff, 0xfe, 0x00,
    0x06, 0xff, 0xff, 0xf5, 0xaf, 0xff, 0xff, 0x70, 0x1d, 0xff, 0xff, 0xf5, 0x8f, 0xff, 0xff, 0xfe,
    0xff, 0xff, 0xff, 0xf5, 0x4f, 0xff, 0xff, 0xff, 0xff, 0xff, 0xff, 0xf5, 0x0d, 0xff, 0xff, 0xff,
    0xff, 0xff, 0xff, 0xf5, 0x03, 0xef, 0xff, 0xff, 0xfa, 0xff, 0xff, 0xf5, 0x00, 0x29, 0xdf, 0xea,
    0x36, 0xff, 0xff, 0xf4, 0x00, 0x00, 0x00, 0x00, 0x09, 0xff, 0xff, 0xf3, 0x00, 0x00, 0x00, 0x00,
    0x2e, 0xff, 0xff, 0xf1, 0x00, 0x00, 0x00, 0x15, 0xdf, 0xff, 0xff, 0xc0, 0x00, 0x06, 0xde, 0xff,
    0xff, 0xff, 0xff, 0x70, 0x00, 0x07, 0xff, 0xff, 0xff, 0xff, 0xfd, 0x10, 0x00, 0x07, 0xff, 0xff,
    0xff, 0xff, 0xf4, 0x00, 0x00, 0x07, 0xff, 0xff, 0xff, 0xfd, 0x30, 0x00, 0x00, 0x06, 0xff, 0xed,
    0xc9, 0x40, 0x00, 0x00, 0x6f, 0xff, 0xff, 0x20, 0x00, 0x00, 0x00, 0x00, 0x7f, 0xff, 0xff, 0x20,
    0x00, 0x00, 0x00, 0x00, 0x7f, 0xff, 0xff, 0x20, 0x00, 0x00, 0x00, 0x00, 0x7f, 0xff, 0xff, 0x20,
    0x00, 0x00, 0x00, 0x00, 0x7f, 0xff, 0xff, 0x20, 0x00, 0x00, 0x00, 0x00, 0x7f, 0xff, 0xff, 0x20,
    0x00, 0x00, 0x00, 0x00, 0x7f, 0xff, 0xff, 0x20, 0x00, 0x00, 0x00, 0x00, 0x7f, 0xff, 0xff, 0x24,
    0xbe, 0xec, 0x71, 0x00, 0x7f, 0xff, 0xff, 0x9f, 0xff, 0xff, 0xfc, 0x10, 0x7f, 0xff, 0xff, 0xff,
    0xff, 0xff, 0xff, 0x80, 0x7f, 0xff, 0xff, 0xff, 0xff, 0xff, 0xff, 0xe1, 0x7f, 0xff, 0xff, 0xfe,
    0xef, 0xff, 0xff, 0xf4, 0x7f, 0xff, 0xff, 0xb1, 0x0a, 0xff, 0xff, 0xf6, 0x7f, 0xff, 0xff, 0x40,
    0x03, 0xff, 0xff, 0xf7, 0x7f, 0xff, 0xff, 0x20, 0x02, 0xff, 0xff, 0xf8, 0x7f, 0xff, 0xff, 0x20,
    0x02, 0xff, 0xff, 0xf8, 0x7f, 0xff, 0xff, 0x20, 0x02, 0xff, 0xff, 0xf8, 0x7f, 0xff, 0xff, 0x20,
    0x02, 0xff, 0xff, 0xf8, 0x7f, 0xff, 0xff, 0x20, 0x02, 0xff, 0xff, 0xf8, 0x7f, 0xff, 0xff, 0x20,
    0x02, 0xff, 0xff, 0xf8, 0x7f, 0xff, 0xff, 0x20, 0x02, 0xff, 0xff, 0xf8, 0x7f, 0xff, 0xff, 0x20,
    0x02, 0xff, 0xff, 0xf8, 0x7f, 0xff, 0xff, 0x20, 0x02, 0xff, 0xff, 0xf8, 0x7f, 0xff, 0xff, 0x20,
    0x02, 0xff, 0xff, 0xf8, 0x7f, 0xff, 0xff, 0x20, 0x02, 0xff, 0xff, 0xf8, 0x7f, 0xff, 0xff, 0x20,
    0x02, 0xff, 0xff, 0xf8, 0x7f, 0xff, 0xff, 0x20, 0x02, 0xff, 0xff, 0xf8, 0x6f, 0xff, 0xff, 0x20,
    0x01, 0xff, 0xff, 0xf7, 0x06, 0xde, 0xc3, 0x05, 0xff, 0xff, 0xe2, 0xbf, 0xff, 0xff, 0x6b, 0xff,
    0xff, 0xf6, 0x5f, 0xff, 0xfe, 0x20, 0x6d, 0xec, 0x30, 0x00, 0x00, 0x00, 0x00, 0x00, 0x00, 0x00,
    0x5f, 0xff, 0xff, 0x36, 0xff, 0xff, 0xf4, 0x6f, 0xff, 0xff, 0x46, 0xff, 0xff, 0xf4, 0x6f, 0xff,
    0xff, 0x46, 0xff, 0xff, 0xf4, 0x6f, 0xff, 0xff, 0x46, 0xff, 0xff, 0xf4, 0x6f, 0xff, 0xff, 0x46,
    0xff, 0xff, 0xf4, 0x6f, 0xff, 0xff, 0x46, 0xff, 0xff, 0xf4, 0x6f, 0xff, 0xff, 0x46, 0xff, 0xff,
    0xf4, 0x6f, 0xff, 0xff, 0x46, 0xff, 0xff, 0xf4, 0x6f, 0xff, 0xff, 0x46, 0xff, 0xff, 0xf4, 0x6f,
    0xff, 0xff, 0x46, 0xff, 0xff, 0xf4, 0x5f, 0xff, 0xff, 0x30, 0x00, 0x00, 0x07, 0xde, 0xb3, 0x00,
    0x00, 0x06, 0xff, 0xff, 0xe2, 0x00, 0x00, 0xbf, 0xff, 0xff, 0x60, 0x00, 0x0b, 0xff, 0xff, 0xf6,
    0x00, 0x00, 0x6f, 0xff, 0xfe, 0x10, 0x00, 0x00, 0x7d, 0xeb, 0x30, 0x00, 0x00, 0x00, 0x00, 0x00,
    0x00, 0x00, 0x00, 0x00, 0x00, 0x00, 0x00, 0x00, 0x00, 0x00, 0x00, 0x00, 0x00, 0x06, 0xff, 0xff,
    0xf2, 0x00, 0x00, 0x7f, 0xff, 0xff, 0x20, 0x00, 0x07, 0xff, 0xff, 0xf2, 0x00, 0x00, 0x7f, 0xff,
    0xff, 0x20, 0x00, 0x07, 0xff, 0xff, 0xf2, 0x00, 0x00, 0x7f, 0xff, 0xff, 0x20, 0x00, 0x07, 0xff,
    0xff, 0xf2, 0x00, 0x00, 0x7f, 0xff, 0xff, 0x20, 0x00, 0x07, 0xff, 0xff, 0xf2, 0x00, 0x00, 0x7f,
    0xff, 0xff, 0x20, 0x00, 0x07, 0xff, 0xff, 0xf2, 0x00, 0x00, 0x7f, 0xff, 0xff, 0x20, 0x00, 0x07,
    0xff, 0xff, 0xf2, 0x00, 0x00, 0x7f, 0xff, 0xff, 0x20, 0x00, 0x07, 0xff, 0xff, 0xf2, 0x00, 0x00,
    0x7f, 0xff, 0xff, 0x20, 0x00, 0x07, 0xff, 0xff, 0xf2, 0x00, 0x00, 0x7f, 0xff, 0xff, 0x20, 0x00,
    0x07, 0xff, 0xff, 0xf2, 0x00, 0x00, 0x7f, 0xff, 0xff, 0x20, 0x00, 0x07, 0xff, 0xff, 0xf2, 0x00,
    0x00, 0x9f, 0xff, 0xff, 0x20, 0x00, 0x0d, 0xff, 0xff, 0xf1, 0x00, 0x29, 0xff, 0xff, 0xff, 0x03,
    0xff, 0xff, 0xff, 0xff, 0xc0, 0x4f, 0xff, 0xff, 0xff, 0xf8, 0x04, 0xff, 0xff, 0xff, 0xfd, 0x10,
    0x4f, 0xff, 0xff, 0xfb, 0x20, 0x02, 0xdc, 0xba, 0x73, 0x00, 0x00, 0x6f, 0xff, 0xff, 0x20, 0x00,
    0x00, 0x00, 0x00, 0x07, 0xff, 0xff, 0xf2, 0x00, 0x00, 0x00, 0x00, 0x00, 0x7f, 0xff, 0xff, 0x20,
    0x00, 0x00, 0x00, 0x00, 0x07, 0xff, 0xff, 0xf2, 0x00, 0x00, 0x00, 0x00, 0x00, 0x7f, 0xff, 0xff,
    0x20, 0x00, 0x00, 0x00, 0x00, 0x07, 0xff, 0xff, 0xf2, 0x00, 0x00, 0x00, 0x00, 0x00, 0x7f, 0xff,
    0xff, 0x20, 0x00, 0x00, 0x00, 0x00, 0x07, 0xff, 0xff, 0xf2, 0x00, 0x3f, 0xff, 0xff, 0x80, 0x7f,
    0xff, 0xff, 0x20, 0x0c, 0xff, 0xff, 0xe1, 0x07, 0xff, 0xff, 0xf2, 0x05, 0xff, 0xff, 0xf6, 0x00,
    0x7f, 0xff, 0xff, 0x20, 0xdf, 0xff, 0xfb, 0x00, 0x07, 0xff, 0xff, 0xf2, 0x7f, 0xff, 0xff, 0x20,
    0x00, 0x7f, 0xff, 0xff, 0x4e, 0xff, 0xff, 0x70, 0x00, 0x07, 0xff, 0xff, 0xfc, 0xff, 0xff, 0xd0,
    0x00, 0x00, 0x7f, 0xff, 0xff, 0xff, 0xff, 0xf5, 0x00, 0x00, 0x07, 0xff, 0xff, 0xff, 0xff, 0xff,
    0x80, 0x00, 0x00, 0x7f, 0xff, 0xff, 0xff, 0xff, 0xfe, 0x00, 0x00, 0x07, 0xff, 0xff, 0xff, 0xff,
    0xff, 0xf5, 0x00, 0x00, 0x7f, 0xff, 0xff, 0xff, 0xff, 0xff, 0xa0, 0x00, 0x07, 0xff, 0xff, 0xff,
    0xcf, 0xff, 0xff, 0x10, 0x00, 0x7f, 0xff, 0xff, 0xd1, 0xdf, 0xff, 0xf7, 0x00, 0x07, 0xff, 0xff,
    0xf5, 0x09, 0xff, 0xff, 0xd0, 0x00, 0x7f, 0xff, 0xff, 0x20, 0x4f, 0xff, 0xff, 0x30, 0x07, 0xff,
    0xff, 0xf2, 0x00, 0xef, 0xff, 0xf9, 0x00, 0x7f, 0xff, 0xff, 0x20, 0x09, 0xff, 0xff, 0xe1, 0x07,
    0xff, 0xff, 0xf2, 0x00, 0x5f, 0xff, 0xff, 0x60, 0x7f, 0xff, 0xff, 0x20, 0x01, 0xef, 0xff, 0xfc,
    0x06, 0xff, 0xff, 0xf2, 0x00, 0x09, 0xff, 0xff, 0xf1, 0x8f, 0xff, 0xfe, 0xaf, 0xff, 0xff, 0xaf,
    0xff, 0xff, 0xaf, 0xff, 0xff, 0xaf, 0xff, 0xff, 0xaf, 0xff, 0xff, 0xaf, 0xff, 0xff, 0xaf, 0xff,
    0xff, 0xaf, 0xff, 0xff, 0xaf, 0xff, 0xff, 0xaf, 0xff, 0xff, 0xaf, 0xff, 0xff, 0xaf, 0xff, 0xff,
    0xaf, 0xff, 0xff, 0xaf, 0xff, 0xff, 0xaf, 0xff, 0xff, 0xaf, 0xff, 0xff, 0xaf, 0xff, 0xff, 0xaf,
    0xff, 0xff, 0xaf, 0xff, 0xff, 0xaf, 0xff, 0xff, 0xaf, 0xff, 0xff, 0xaf, 0xff, 0xff, 0xaf, 0xff,
    0xff, 0xaf, 0xff, 0xff, 0xaf, 0xff, 0xff, 0xaf, 0xff, 0xff, 0x9f, 0xff, 0xfe, 0x7f, 0xff, 0xff,
    0x28, 0xce, 0xec, 0x70, 0x00, 0x5b, 0xef, 0xd8, 0x10, 0x08, 0xff, 0xff, 0xfe, 0xff, 0xff, 0xff,
    0xc1, 0xaf, 0xff, 0xff, 0xfd, 0x10, 0x8f, 0xff, 0xff, 0xff, 0xff, 0xff, 0xff, 0xef, 0xff, 0xff,
    0xff, 0xfa, 0x08, 0xff, 0xff, 0xff, 0xff, 0xff, 0xff, 0xff, 0xff, 0xff, 0xff, 0xff, 0xf2, 0x8f,
    0xff, 0xff, 0xfb, 0xbf, 0xff, 0xff, 0xff, 0xca, 0xff, 0xff, 0xff, 0x68, 0xff, 0xff, 0xf8, 0x00,
    0xaf, 0xff, 0xff, 0xc0, 0x06, 0xff, 0xff, 0xf8, 0x8f, 0xff, 0xff, 0x30, 0x05, 0xff, 0xff, 0xf7,
    0x00, 0x1f, 0xff, 0xff, 0x98, 0xff, 0xff, 0xf2, 0x00, 0x4f, 0xff, 0xff, 0x50, 0x00, 0xff, 0xff,
    0xfa, 0x8f, 0xff, 0xff, 0x20, 0x04, 0xff, 0xff, 0xf5, 0x00, 0x0f, 0xff, 0xff, 0xa8, 0xff, 0xff,
    0xf2, 0x00, 0x4f, 0xff, 0xff, 0x50, 0x00, 0xff, 0xff, 0xfa, 0x8f, 0xff, 0xff, 0x20, 0x04, 0xff,
    0xff, 0xf5, 0x00, 0x0f, 0xff, 0xff, 0xa8, 0xff, 0xff, 0xf2, 0x00, 0x4f, 0xff, 0xff, 0x50, 0x00,
    0xff, 0xff, 0xfa, 0x8f, 0xff, 0xff, 0x20, 0x04, 0xff, 0xff, 0xf5, 0x00, 0x0f, 0xff, 0xff, 0xa8,
    0xff, 0xff, 0xf2, 0x00, 0x4f, 0xff, 0xff, 0x50, 0x00, 0xff, 0xff, 0xfa, 0x8f, 0xff, 0xff, 0x20,
    0x04, 0xff, 0xff, 0xf5, 0x00, 0x0f, 0xff, 0xff, 0xa8, 0xff, 0xff, 0xf2, 0x00, 0x4f, 0xff, 0xff,
    0x50, 0x00, 0xff, 0xff, 0xfa, 0x8f, 0xff, 0xff, 0x20, 0x04, 0xff, 0xff, 0xf5, 0x00, 0x0f, 0xff,
    0xff, 0xa8, 0xff, 0xff, 0xf2, 0x00, 0x4f, 0xff, 0xff, 0x50, 0x00, 0xff, 0xff, 0xfa, 0x8f, 0xff,
    0xff, 0x20, 0x04, 0xff, 0xff, 0xf5, 0x00, 0x0f, 0xff, 0xff, 0xa8, 0xff, 0xff, 0xf2, 0x00, 0x4f,
    0xff, 0xff, 0x50, 0x00, 0xff, 0xff, 0xfa, 0x7f, 0xff, 0xff, 0x10, 0x03, 0xff, 0xff, 0xf4, 0x00,
    0x0e, 0xff, 0xff, 0x90, 0x6f, 0xff, 0xff, 0x26, 0xce, 0xec, 0x71, 0x00, 0x7f, 0xff, 0xff, 0xcf,
    0xff, 0xff, 0xfc, 0x10, 0x7f, 0xff, 0xff, 0xff, 0xff, 0xff, 0xff, 0x80, 0x7f, 0xff, 0xff, 0xff,
    0xff, 0xff, 0xff, 0xe1, 0x7f, 0xff, 0xff, 0xfe, 0xef, 0xff, 0xff, 0xf4, 0x7f, 0xff, 0xff, 0xb1,
    0x0a, 0xff, 0xff, 0xf6, 0x7f, 0xff, 0xff, 0x40, 0x03, 0xff, 0xff, 0xf7, 0x7f, 0xff, 0xff, 0x20,
    0x02, 0xff, 0xff, 0xf8, 0x7f, 0xff, 0xff, 0x20, 0x02, 0xff, 0xff, 0xf8, 0x7f, 0xff, 0xff, 0x20,
    0x02, 0xff, 0xff, 0xf8, 0x7f, 0xff, 0xff, 0x20, 0x02, 0xff, 0xff, 0xf8, 0x7f, 0xff, 0xff, 0x20,
    0x02, 0xff, 0xff, 0xf8, 0x7f, 0xff, 0xff, 0x20, 0x02, 0xff, 0xff, 0xf8, 0x7f, 0xff, 0xff, 0x20,
    0x02, 0xff, 0xff, 0xf8, 0x7f, 0xff, 0xff, 0x20, 0x02, 0xff, 0xff, 0xf8, 0x7f, 0xff, 0xff, 0x20,
    0x02, 0xff, 0xff, 0xf8, 0x7f, 0xff, 0xff, 0x20, 0x02, 0xff, 0xff, 0xf8, 0x7f, 0xff, 0xff, 0x20,
    0x02, 0xff, 0xff, 0xf8, 0x7f, 0xff, 0xff, 0x20, 0x02, 0xff, 0xff, 0xf8, 0x7f, 0xff, 0xff, 0x20,
    0x02, 0xff, 0xff, 0xf8, 0x6f, 0xff, 0xff, 0x20, 0x01, 0xff, 0xff, 0xf7, 0x00, 0x01, 0x7b, 0xef,
    0xed, 0xa5, 0x00, 0x00, 0x00, 0x5e, 0xff, 0xff, 0xff, 0xff, 0xc2, 0x00, 0x05, 0xff, 0xff, 0xff,
    0xff, 0xff, 0xfe, 0x20, 0x1e, 0xff, 0xff, 0xff, 0xff, 0xff, 0xff, 0xb0, 0x6f, 0xff, 0xff, 0xfe,
    0xff, 0xff, 0xff, 0xf2, 0xaf, 0xff, 0xff, 0x70, 0x1b, 0xff, 0xff, 0xf6, 0xbf, 0xff, 0xfe, 0x00,
    0x04, 0xff, 0xff, 0xf7, 0xcf, 0xff, 0xfd, 0x00, 0x02, 0xff, 0xff, 0xf7, 0xcf, 0xff, 0xfd, 0x00,
    0x02, 0xff, 0xff, 0xf7, 0xcf, 0xff, 0xfd, 0x00, 0x02, 0xff, 0xff, 0xf7, 0xcf, 0xff, 0xfd, 0x00,
    0x02, 0xff, 0xff, 0xf7, 0xcf, 0xff, 0xfd, 0x00, 0x02, 0xff, 0xff, 0xf7, 0xcf, 0xff, 0xfd, 0x00,
    0x02, 0xff, 0xff, 0xf7, 0xcf, 0xff, 0xfd, 0x00, 0x02, 0xff, 0xff, 0xf7, 0xbf, 0xff, 0xfe, 0x00,
    0x04, 0xff, 0xff, 0xf7, 0xaf, 0xff, 0xff, 0x70, 0x1b, 0xff, 0xff, 0xf6, 0x7f, 0xff, 0xff, 0xfe,
    0xff, 0xff, 0xff, 0xf2, 0x1e, 0xff, 0xff, 0xff, 0xff, 0xff, 0xff, 0xb0, 0x06, 0xff, 0xff, 0xff,
    0xff, 0xff, 0xfe, 0x20, 0x00, 0x6e, 0xff, 0xff, 0xff, 0xff, 0xd3, 0x00, 0x00, 0x01, 0x7b, 0xef,
    0xed, 0xa5, 0x00, 0x00, 0x4f, 0xff, 0xff, 0x36, 0xce, 0xfd, 0x81, 0x00, 0x5f, 0xff, 0xff, 0xef,
    0xff, 0xff, 0xfd, 0x20, 0x5f, 0xff, 0xff, 0xff, 0xff, 0xff, 0xff, 0xb0, 0x5f, 0xff, 0xff, 0xff,
    0xff, 0xff, 0xff, 0xf3, 0x5f, 0xff, 0xff, 0xff, 0xef, 0xff, 0xff, 0xf7, 0x5f, 0xff, 0xff, 0xc1,
    0x08, 0xff, 0xff, 0xfa, 0x5f, 0xff, 0xff, 0x60, 0x00, 0xff, 0xff, 0xfb, 0x5f, 0xff, 0xff, 0x40,
    0x00, 0xef, 0xff, 0xfb, 0x5f, 0xff, 0xff, 0x40, 0x00, 0xef, 0xff, 0xfb, 0x5f, 0xff, 0xff, 0x40,
    0x00, 0xef, 0xff, 0xfb, 0x5f, 0xff, 0xff, 0x40, 0x00, 0xef, 0xff, 0xfb, 0x5f, 0xff, 0xff, 0x40,
    0x00, 0xef, 0xff, 0xfb, 0x5f, 0xff, 0xff, 0x40, 0x00, 0xef, 0xff, 0xfb, 0x5f, 0xff, 0xff, 0x40,
    0x00, 0xef, 0xff, 0xfb, 0x5f, 0xff, 0xff, 0x50, 0x00, 0xff, 0xff, 0xfb, 0x5f, 0xff, 0xff, 0xb0,
    0x06, 0xff, 0xff, 0xfa, 0x5f, 0xff, 0xff, 0xfd, 0xcf, 0xff, 0xff, 0xf7, 0x5f, 0xff, 0xff, 0xff,
    0xff, 0xff, 0xff, 0xf3, 0x5f, 0xff, 0xff, 0xff, 0xff, 0xff, 0xff, 0xc0, 0x5f, 0xff, 0xff, 0xbf,
    0xff, 0xff, 0xfd, 0x20, 0x5f, 0xff, 0xff, 0x44, 0xbe, 0xfd, 0x81, 0x00, 0x5f, 0xff, 0xff, 0x40,
    0x00, 0x00, 0x00, 0x00, 0x5f, 0xff, 0xff, 0x40, 0x00, 0x00, 0x00, 0x00, 0x5f, 0xff, 0xff, 0x40,
    0x00, 0x00, 0x00, 0x00, 0x5f, 0xff, 0xff, 0x40, 0x00, 0x00, 0x00, 0x00, 0x5f, 0xff, 0xff, 0x40,
    0x00, 0x00, 0x00, 0x00, 0x5f, 0xff, 0xff, 0x40, 0x00, 0x00, 0x00, 0x00, 0x4f, 0xff, 0xff, 0x30,
    0x00, 0x00, 0x00, 0x00, 0x00, 0x19, 0xdf, 0xec, 0x65, 0xff, 0xff, 0xf3, 0x02, 0xef, 0xff, 0xff,
    0xfe, 0xff, 0xff, 0xf4, 0x0c, 0xff, 0xff, 0xff, 0xff, 0xff, 0xff, 0xf4, 0x4f, 0xff, 0xff, 0xff,
    0xff, 0xff, 0xff, 0xf4, 0x8f, 0xff, 0xff, 0xfe, 0xff, 0xff, 0xff, 0xf4, 0xaf, 0xff, 0xff, 0x70,
    0x2d, 0xff, 0xff, 0xf4, 0xbf, 0xff, 0xfe, 0x00, 0x07, 0xff, 0xff, 0xf4, 0xcf, 0xff, 0xfd, 0x00,
    0x05, 0xff, 0xff, 0xf4, 0xcf, 0xff, 0xfd, 0x00, 0x05, 0xff, 0xff, 0xf4, 0xcf, 0xff, 0xfd, 0x00,
    0x05, 0xff, 0xff, 0xf4, 0xcf, 0xff, 0xfd, 0x00, 0x05, 0xff, 0xff, 0xf4, 0xcf, 0xff, 0xfd, 0x00,
    0x05, 0xff, 0xff, 0xf4, 0xcf, 0xff, 0xfd, 0x00, 0x05, 0xff, 0xff, 0xf4, 0xcf, 0xff, 0xfd, 0x00,
    0x05, 0xff, 0xff, 0xf4, 0xbf, 0xff, 0xfe, 0x00, 0x06, 0xff, 0xff, 0xf4, 0xbf, 0xff, 0xff, 0x50,
    0x1c, 0xff, 0xff, 0xf4, 0x8f, 0xff, 0xff, 0xfc, 0xef, 0xff, 0xff, 0xf4, 0x4f, 0xff, 0xff, 0xff,
    0xff, 0xff, 0xff, 0xf4, 0x0c, 0xff, 0xff, 0xff, 0xff, 0xff, 0xff, 0xf4, 0x03, 0xef, 0xff, 0xff,
    0xfb, 0xff, 0xff, 0xf4, 0x00, 0x29, 0xdf, 0xeb, 0x45, 0xff, 0xff, 0xf4, 0x00, 0x00, 0x00, 0x00,
    0x05, 0xff, 0xff, 0xf4, 0x00, 0x00, 0x00, 0x00, 0x05, 0xff, 0xff, 0xf4, 0x00, 0x00, 0x00, 0x00,
    0x05, 0xff, 0xff, 0xf4, 0x00, 0x00, 0x00, 0x00, 0x05, 0xff, 0xff, 0xf4, 0x00, 0x00, 0x00, 0x00,
    0x05, 0xff, 0xff, 0xf4, 0x00, 0x00, 0x00, 0x00, 0x05, 0xff, 0xff, 0xf4, 0x00, 0x00, 0x00, 0x00,
    0x04, 0xff, 0xff, 0xf3, 0x6f, 0xff, 0xff, 0x23, 0xbe, 0xe6, 0x7f, 0xff, 0xff, 0x5f, 0xff, 0xf8,
    0x7f, 0xff, 0xff, 0xef, 0xff, 0xf6, 0x7f, 0xff, 0xff, 0xff, 0xff, 0xf4, 0x7f, 0xff, 0xff, 0xff,
    0xff, 0xf1, 0x7f, 0xff, 0xff, 0xff, 0xff, 0xe0, 0x7f, 0xff, 0xff, 0xf8, 0x21, 0x20, 0x7f, 0xff,
    0xff, 0xa0, 0x00, 0x00, 0x7f, 0xff, 0xff, 0x40, 0x00, 0x00, 0x7f, 0xff, 0xff, 0x30, 0x00, 0x00,
    0x7f, 0xff, 0xff, 0x20, 0x00, 0x00, 0x7f, 0xff, 0xff, 0x20, 0x00, 0x00, 0x7f, 0xff, 0xff, 0x20,
    0x00, 0x00, 0x7f, 0xff, 0xff, 0x20, 0x00, 0x00, 0x7f, 0xff, 0xff, 0x20, 0x00, 0x00, 0x7f, 0xff,
    0xff, 0x20, 0x00, 0x00, 0x7f, 0xff, 0xff, 0x20, 0x00, 0x00, 0x7f, 0xff, 0xff, 0x20, 0x00, 0x00,
    0x7f, 0xff, 0xff, 0x20, 0x00, 0x00, 0x7f, 0xff, 0xff, 0x20, 0x00, 0x00, 0x6f, 0xff, 0xff, 0x20,
    0x00, 0x00, 0x00, 0x03, 0x9d, 0xef, 0xdb, 0x60, 0x00, 0x00, 0x09, 0xff, 0xff, 0xff, 0xff, 0xc2,
    0x00, 0x0a, 0xff, 0xff, 0xff, 0xff, 0xff, 0xd1, 0x04, 0xff, 0xff, 0xff, 0xff, 0xff, 0xff, 0x90,
    0x9f, 0xff, 0xff, 0xfe, 0xff, 0xff, 0xff, 0x1c, 0xff, 0xff, 0xe2, 0x04, 0xff, 0xff, 0xf4, 0xcf,
    0xff, 0xf9, 0x00, 0x0d, 0xff, 0xff, 0x6b, 0xff, 0xff, 0xd1, 0x00, 0x45, 0x55, 0x51, 0x8f, 0xff,
    0xff, 0xd6, 0x00, 0x00, 0x00, 0x02, 0xef, 0xff, 0xff, 0xfe, 0x93, 0x00, 0x00, 0x04, 0xef, 0xff,
    0xff, 0xff, 0xfb, 0x20, 0x00, 0x02, 0xcf, 0xff, 0xff, 0xff, 0xfe, 0x40, 0x00, 0x00, 0x4b, 0xff,
    0xff, 0xff, 0xfe, 0x10, 0x00, 0x00, 0x01, 0x8e, 0xff, 0xff, 0xf8, 0x67, 0x77, 0x71, 0x00, 0x3f,
    0xff, 0xff, 0xbf, 0xff, 0xff, 0x60, 0x00, 0xef, 0xff, 0xfb, 0xdf, 0xff, 0xfd, 0x31, 0x6f, 0xff,
    0xff, 0x99, 0xff, 0xff, 0xff, 0xff, 0xff, 0xff, 0xf4, 0x1d, 0xff, 0xff, 0xff, 0xff, 0xff, 0xfa,
    0x00, 0x2c, 0xff, 0xff, 0xff, 0xff, 0xf9, 0x00, 0x00, 0x04, 0xad, 0xef, 0xec, 0x83, 0x00, 0x00,
    0x00, 0x6f, 0xff, 0xfd, 0x00, 0x00, 0x07, 0xff, 0xff, 0xe0, 0x00, 0x00, 0x7f, 0xff, 0xfe, 0x00,
    0x00, 0x07, 0xff, 0xff, 0xe0, 0x00, 0x00, 0x8f, 0xff, 0xfe, 0x00, 0x06, 0xff, 0xff, 0xff, 0xff,
    0xfc, 0x7f, 0xff, 0xff, 0xff, 0xff, 0xd7, 0xff, 0xff, 0xff, 0xff, 0xfd, 0x6f, 0xff, 0xff, 0xff,
    0xff, 0xc0, 0x08, 0xff, 0xff, 0xe0, 0x00, 0x00, 0x7f, 0xff, 0xfe, 0x00, 0x00, 0x07, 0xff, 0xff,
    0xe0, 0x00, 0x00, 0x7f, 0xff, 0xfe, 0x00, 0x00, 0x07, 0xff, 0xff, 0xe0, 0x00, 0x00, 0x7f, 0xff,
    0xfe, 0x00, 0x00, 0x07, 0xff, 0xff, 0xe0, 0x00, 0x00, 0x7f, 0xff, 0xfe, 0x00, 0x00, 0x07, 0xff,
    0xff, 0xe0, 0x00, 0x00, 0x7f, 0xff, 0xfe, 0x00, 0x00, 0x07, 0xff, 0xff, 0xf0, 0x00, 0x00, 0x7f,
    0xff, 0xff, 0x50, 0x00, 0x07, 0xff, 0xff, 0xff, 0xd5, 0x00, 0x6f, 0xff, 0xff, 0xff, 0x70, 0x02,
    0xff, 0xff, 0xff, 0xf7, 0x00, 0x07, 0xff, 0xff, 0xff, 0x70, 0x00, 0x04, 0xad, 0xef, 0xf6, 0x9f,
    0xff, 0xfe, 0x00, 0x03, 0xff, 0xff, 0xf4, 0xaf, 0xff, 0xff, 0x00, 0x04, 0xff, 0xff, 0xf5, 0xaf,
    0xff, 0xff, 0x00, 0x04, 0xff, 0xff, 0xf5, 0xaf, 0xff, 0xff, 0x00, 0x04, 0xff, 0xff, 0xf5, 0xaf,
    0xff, 0xff, 0x00, 0x04, 0xff, 0xff, 0xf5, 0xaf, 0xff, 0xff, 0x00, 0x04, 0xff, 0xff, 0xf5, 0xaf,
    0xff, 0xff, 0x00, 0x04, 0xff, 0xff, 0xf5, 0xaf, 0xff, 0xff, 0x00, 0x04, 0xff, 0xff, 0xf5, 0xaf,
    0xff, 0xff, 0x00, 0x04, 0xff, 0xff, 0xf5, 0xaf, 0xff, 0xff, 0x00, 0x04, 0xff, 0xff, 0xf5, 0xaf,
    0xff, 0xff, 0x00, 0x04, 0xff, 0xff, 0xf5, 0xaf, 0xff, 0xff, 0x00, 0x04, 0xff, 0xff, 0xf5, 0xaf,
    0xff, 0xff, 0x00, 0x04, 0xff, 0xff, 0xf5, 0xaf, 0xff, 0xff, 0x00, 0x04, 0xff, 0xff, 0xf5, 0xaf,
    0xff, 0xff, 0x10, 0x06, 0xff, 0xff, 0xf5, 0x9f, 0xff, 0xff, 0x80, 0x1d, 0xff, 0xff, 0xf5, 0x8f,
    0xff, 0xff, 0xfe, 0xff, 0xff, 0xff, 0xf5, 0x4f, 0xff, 0xff, 0xff, 0xff, 0xff, 0xff, 0xf5, 0x0c,
    0xff, 0xff, 0xff, 0xff, 0xff, 0xff, 0xf5, 0x02, 0xdf, 0xff, 0xff, 0xfd, 0xff, 0xff, 0xf5, 0x00,
    0x18, 0xdf, 0xfc, 0x73, 0xff, 0xff, 0xf4, 0x4f, 0xff, 0xff, 0xb0, 0x00, 0x5f, 0xff, 0xff, 0xa3,
    0xff, 0xff, 0xfe, 0x00, 0x08, 0xff, 0xff, 0xf8, 0x0e, 0xff, 0xff, 0xf1, 0x00, 0xaf, 0xff, 0xff,
    0x40, 0xbf, 0xff, 0xff, 0x40, 0x0d, 0xff, 0xff, 0xf1, 0x07, 0xff, 0xff, 0xf6, 0x00, 0xff, 0xff,
    0xfc, 0x00, 0x3f, 0xff, 0xff, 0x90, 0x2f, 0xff, 0xff, 0x90, 0x00, 0xef, 0xff, 0xfb, 0x05, 0xff,
    0xff, 0xf5, 0x00, 0x0b, 0xff, 0xff, 0xe0, 0x7f, 0xff, 0xff, 0x10, 0x00, 0x7f, 0xff, 0xff, 0x1a,
    0xff, 0xff, 0xd0, 0x00, 0x04, 0xff, 0xff, 0xf3, 0xcf, 0xff, 0xf9, 0x00, 0x00, 0x0e, 0xff, 0xff,
    0x6e, 0xff, 0xff, 0x60, 0x00, 0x00, 0xbf, 0xff, 0xfa, 0xff, 0xff, 0xf2, 0x00, 0x00, 0x08, 0xff,
    0xff, 0xff, 0xff, 0xfd, 0x00, 0x00, 0x00, 0x4f, 0xff, 0xff, 0xff, 0xff, 0xa0, 0x00, 0x00, 0x01,
    0xff, 0xff, 0xff, 0xff, 0xf6, 0x00, 0x00, 0x00, 0x0b, 0xff, 0xff, 0xff, 0xff, 0x30, 0x00, 0x00,
    0x00, 0x8f, 0xff, 0xff, 0xff, 0xe0, 0x00, 0x00, 0x00, 0x04, 0xff, 0xff, 0xff, 0xfa, 0x00, 0x00,
    0x00, 0x00, 0x1f, 0xff, 0xff, 0xff, 0x70, 0x00, 0x00, 0x00, 0x00, 0xcf, 0xff, 0xff, 0xf3, 0x00,
    0x00, 0x00, 0x00, 0x07, 0xff, 0xff, 0xfe, 0x00, 0x00, 0x00, 0x4f, 0xff, 0xfe, 0x10, 0x03, 0xff,
    0xff, 0xb0, 0x00, 0x6f, 0xff, 0xfc, 0x3f, 0xff, 0xff, 0x30, 0x06, 0xff, 0xff, 0xe0, 0x00, 0x9f,
    0xff, 0xfa, 0x0f, 0xff, 0xff, 0x50, 0x08, 0xff, 0xff, 0xf2, 0x00, 0xbf, 0xff, 0xf7, 0x0c, 0xff,
    0xff, 0x80, 0x0b, 0xff, 0xff, 0xf4, 0x00, 0xdf, 0xff, 0xf4, 0x08, 0xff, 0xff, 0xa0, 0x0d, 0xff,
    0xff, 0xf7, 0x01, 0xff, 0xff, 0xf1, 0x05, 0xff, 0xff, 0xc0, 0x0f, 0xff, 0xff, 0xf9, 0x03, 0xff,
    0xff, 0xc0, 0x02, 0xff, 0xff, 0xe0, 0x3f, 0xff, 0xff, 0xfb, 0x05, 0xff, 0xff, 0x90, 0x00, 0xef,
    0xff, 0xf2, 0x5f, 0xff, 0xff, 0xfe, 0x07, 0xff, 0xff, 0x60, 0x00, 0xaf, 0xff, 0xf4, 0x7f, 0xff,
    0xff, 0xff, 0x1a, 0xff, 0xff, 0x30, 0x00, 0x7f, 0xff, 0xf6, 0xaf, 0xff, 0xff, 0xff, 0x4c, 0xff,
    0xfe, 0x00, 0x00, 0x4f, 0xff, 0xf9, 0xcf, 0xff, 0xcf, 0xff, 0x6e, 0xff, 0xfb, 0x00, 0x00, 0x1f,
    0xff, 0xfb, 0xef, 0xfd, 0x8f, 0xff, 0xbf, 0xff, 0xf8, 0x00, 0x00, 0x0c, 0xff, 0xff, 0xff, 0xfa,
    0x5f, 0xff, 0xff, 0xff, 0xf5, 0x00, 0x00, 0x09, 0xff, 0xff, 0xff, 0xf8, 0x3f, 0xff, 0xff, 0xff,
    0xf1, 0x00, 0x00, 0x06, 0xff, 0xff, 0xff, 0xf6, 0x0f, 0xff, 0xff, 0xff, 0xd0, 0x00, 0x00, 0x02,
    0xff, 0xff, 0xff, 0xf3, 0x0d, 0xff, 0xff, 0xff, 0xa0, 0x00, 0x00, 0x00, 0xef, 0xff, 0xff, 0xf1,
    0x0a, 0xff, 0xff, 0xff, 0x70, 0x00, 0x00, 0x00, 0xbf, 0xff, 0xff, 0xd0, 0x08, 0xff, 0xff, 0xff,
    0x40, 0x00, 0x00, 0x00, 0x8f, 0xff, 0xff, 0xb0, 0x05, 0xff, 0xff, 0xff, 0x10, 0x00, 0x00, 0x00,
    0x4f, 0xff, 0xff, 0x90, 0x03, 0xff, 0xff, 0xfc, 0x00, 0x00, 0x00, 0x00, 0x1e, 0xff, 0xff, 0x60,
    0x00, 0xef, 0xff, 0xf8, 0x00, 0x00, 0x4f, 0xff, 0xff, 0xb0, 0x00, 0x3f, 0xff, 0xff, 0xc0, 0xdf,
    0xff, 0xff, 0x30, 0x09, 0xff, 0xff, 0xf7, 0x06, 0xff, 0xff, 0xfa, 0x01, 0xff, 0xff, 0xfe, 0x10,
    0x1e, 0xff, 0xff, 0xf2, 0x7f, 0xff, 0xff, 0x80, 0x00, 0x7f, 0xff, 0xff, 0x8d, 0xff, 0xff, 0xe1,
    0x00, 0x01, 0xef, 0xff, 0xff, 0xff, 0xff, 0xf9, 0x00, 0x00, 0x09, 0xff, 0xff, 0xff, 0xff, 0xff,
    0x20, 0x00, 0x00, 0x2f, 0xff, 0xff, 0xff, 0xff, 0xa0, 0x00, 0x00, 0x00, 0xaf, 0xff, 0xff, 0xff,
    0xf3, 0x00, 0x00, 0x00, 0x03, 0xff, 0xff, 0xff, 0xfb, 0x00, 0x00, 0x00, 0x00, 0x0c, 0xff, 0xff,
    0xff, 0x60, 0x00, 0x00, 0x00, 0x03, 0xff, 0xff, 0xff, 0xfb, 0x00, 0x00, 0x00, 0x00, 0x9f, 0xff,
    0xff, 0xff, 0xf3, 0x00, 0x00, 0x00, 0x2f, 0xff, 0xff, 0xff, 0xff, 0xa0, 0x00, 0x00, 0x08, 0xff,
    0xff, 0xff, 0xff, 0xff, 0x20, 0x00, 0x01, 0xef, 0xff, 0xff, 0xff, 0xff, 0xf9, 0x00, 0x00, 0x7f,
    0xff, 0xff, 0x7d, 0xff, 0xff, 0xe1, 0x00, 0x1e, 0xff, 0xff, 0xe1, 0x7f, 0xff, 0xff, 0x80, 0x06,
    0xff, 0xff, 0xf9, 0x01, 0xef, 0xff, 0xfe, 0x10, 0xdf, 0xff, 0xff, 0x30, 0x09, 0xff, 0xff, 0xf7,
    0x4f, 0xff, 0xff, 0xb0, 0x00, 0x3f, 0xff, 0xff, 0xd0, 0x6f, 0xff, 0xff, 0x70, 0x00, 0x9f, 0xff,
    0xff, 0x44, 0xff, 0xff, 0xfa, 0x00, 0x0c, 0xff, 0xff, 0xf2, 0x0e, 0xff, 0xff, 0xd0, 0x00, 0xef,
    0xff, 0xfd, 0x00, 0xbf, 0xff, 0xff, 0x00, 0x1f, 0xff, 0xff, 0x90, 0x07, 0xff, 0xff, 0xf2, 0x04,
    0xff, 0xff, 0xf5, 0x00, 0x4f, 0xff, 0xff, 0x50, 0x6f, 0xff, 0xff, 0x20, 0x00, 0xef, 0xff, 0xf7,
    0x08, 0xff, 0xff, 0xd0, 0x00, 0x0b, 0xff, 0xff, 0x90, 0xaf, 0xff, 0xf9, 0x00, 0x00, 0x7f, 0xff,
    0xfc, 0x0d, 0xff, 0xff, 0x50, 0x00, 0x03, 0xff, 0xff, 0xe0, 0xff, 0xff, 0xf2, 0x00, 0x00, 0x0e,
    0xff, 0xff, 0x3f, 0xff, 0xfd, 0x00, 0x00, 0x00, 0xbf, 0xff, 0xf8, 0xff, 0xff, 0x90, 0x00, 0x00,
    0x07, 0xff, 0xff, 0xdf, 0xff, 0xf5, 0x00, 0x00, 0x00, 0x3f, 0xff, 0xff, 0xff, 0xff, 0x20, 0x00,
    0x00, 0x00, 0xef, 0xff, 0xff, 0xff, 0xd0, 0x00, 0x00, 0x00, 0x0b, 0xff, 0xff, 0xff, 0xf9, 0x00,
    0x00, 0x00, 0x00, 0x7f, 0xff, 0xff, 0xff, 0x50, 0x00, 0x00, 0x00, 0x03, 0xff, 0xff, 0xff, 0xf1,
    0x00, 0x00, 0x00, 0x00, 0x0e, 0xff, 0xff, 0xfd, 0x00, 0x00, 0x00, 0x00, 0x00, 0xbf, 0xff, 0xff,
    0x90, 0x00, 0x00, 0x00, 0x00, 0x07, 0xff, 0xff, 0xf5, 0x00, 0x00, 0x00, 0x00, 0x00, 0x7f, 0xff,
    0xff, 0x10, 0x00, 0x00, 0x00, 0x00, 0x0c, 0xff, 0xff, 0xc0, 0x00, 0x00, 0x00, 0x01, 0x39, 0xff,
    0xff, 0xf7, 0x00, 0x00, 0x00, 0x0a, 0xff, 0xff, 0xff, 0xff, 0x20, 0x00, 0x00, 0x00, 0xbf, 0xff,
    0xff, 0xff, 0xa0, 0x00, 0x00, 0x00, 0x0b, 0xff, 0xff, 0xff, 0xd1, 0x00, 0x00, 0x00, 0x00, 0xbf,
    0xff, 0xff, 0xb2, 0x00, 0x00, 0x00, 0x00, 0x09, 0xdc, 0xa8, 0x40, 0x00, 0x00, 0x00, 0x00, 0x00,
    0x0e, 0xff, 0xff, 0xff, 0xff, 0xff, 0xfd, 0x01, 0xff, 0xff, 0xff, 0xff, 0xff, 0xff, 0xe0, 0x1f,
    0xff, 0xff, 0xff, 0xff, 0xff, 0xfe, 0x01, 0xff, 0xff, 0xff, 0xff, 0xff, 0xff, 0xe0, 0x0c, 0xdd,
    0xdd, 0xdf, 0xff, 0xff, 0xfe, 0x00, 0x00, 0x00, 0x02, 0xff, 0xff, 0xff, 0x90, 0x00, 0x00, 0x00,
    0xaf, 0xff, 0xff, 0xe1, 0x00, 0x00, 0x00, 0x4f, 0xff, 0xff, 0xf6, 0x00, 0x00, 0x00, 0x0c, 0xff,
    0xff, 0xfc, 0x00, 0x00, 0x00, 0x06, 0xff, 0xff, 0xff, 0x30, 0x00, 0x00, 0x01, 0xef, 0xff, 0xff,
    0x90, 0x00, 0x00, 0x00, 0x9f, 0xff, 0xff, 0xe1, 0x00, 0x00, 0x00, 0x3f, 0xff, 0xff, 0xf5, 0x00,
    0x00, 0x00, 0x0b, 0xff, 0xff, 0xfb, 0x00, 0x00, 0x00, 0x05, 0xff, 0xff, 0xff, 0x20, 0x00, 0x00,
    0x01, 0xdf, 0xff, 0xff, 0x80, 0x00, 0x00, 0x00, 0x4f, 0xff, 0xff, 0xfe, 0xdd, 0xdd, 0xdd, 0x24,
    0xff, 0xff, 0xff, 0xff, 0xff, 0xff, 0xf3, 0x4f, 0xff, 0xff, 0xff, 0xff, 0xff, 0xff, 0x34, 0xff,
    0xff, 0xff, 0xff, 0xff, 0xff, 0xf3, 0x3f, 0xff, 0xff, 0xff, 0xff, 0xff, 0xff, 0x20, 0x00, 0x00,
    0x18, 0xdf, 0xff, 0xf9, 0x00, 0x02, 0xdf, 0xff, 0xff, 0xfa, 0x00, 0x0a, 0xff, 0xff, 0xff, 0xfa,
    0x00, 0x0e, 0xff, 0xff, 0xff, 0xfa, 0x00, 0x1f, 0xff, 0xff, 0xff, 0xd7, 0x00, 0x2f, 0xff, 0xff,
    0xf3, 0x00, 0x00, 0x2f, 0xff, 0xff, 0xa0, 0x00, 0x00, 0x2f, 0xff, 0xff, 0x80, 0x00, 0x00, 0x2f,
    0xff, 0xff, 0x80, 0x00, 0x00, 0x2f, 0xff, 0xff, 0x80, 0x00, 0x00, 0x2f, 0xff, 0xff, 0x80, 0x00,
    0x00, 0x2f, 0xff, 0xff, 0x80, 0x00, 0x00, 0x2f, 0xff, 0xff, 0x80, 0x00, 0x00, 0x3f, 0xff, 0xff,
    0x80, 0x00, 0x00, 0x5f, 0xff, 0xff, 0x70, 0x00, 0x00, 0xbf, 0xff, 0xff, 0x60, 0x00, 0x5b, 0xff,
    0xff, 0xff, 0x20, 0x00, 0xdf, 0xff, 0xff, 0xfb, 0x00, 0x00, 0xdf, 0xff, 0xff, 0xc2, 0x00, 0x00,
    0xdf, 0xff, 0xff, 0x90, 0x00, 0x00, 0xdf, 0xff, 0xff, 0xf9, 0x00, 0x00, 0x27, 0xff, 0xff, 0xff,
    0x10, 0x00, 0x00, 0x9f, 0xff, 0xff, 0x50, 0x00, 0x00, 0x4f, 0xff, 0xff, 0x70, 0x00, 0x00, 0x2f,
    0xff, 0xff, 0x80, 0x00, 0x00, 0x2f, 0xff, 0xff, 0x80, 0x00, 0x00, 0x2f, 0xff, 0xff, 0x80, 0x00,
    0x00, 0x2f, 0xff, 0xff, 0x80, 0x00, 0x00, 0x2f, 0xff, 0xff, 0x80, 0x00, 0x00, 0x2f, 0xff, 0xff,
    0x80, 0x00, 0x00, 0x2f, 0xff, 0xff, 0x80, 0x00, 0x00, 0x2f, 0xff, 0xff, 0xa0, 0x00, 0x00, 0x2f,
    0xff, 0xff, 0xf3, 0x00, 0x00, 0x1f, 0xff, 0xff, 0xff, 0xd7, 0x00, 0x0e, 0xff, 0xff, 0xff, 0xfa,
    0x00, 0x09, 0xff, 0xff, 0xff, 0xfa, 0x00, 0x01, 0xdf, 0xff, 0xff, 0xfa, 0x00, 0x00, 0x18, 0xdf,
    0xff, 0xf9, 0x1e, 0xff, 0xff, 0x72, 0xff, 0xff, 0xf8, 0x2f, 0xff, 0xff, 0x82, 0xff, 0xff, 0xf8,
    0x2f, 0xff, 0xff, 0x82, 0xff, 0xff, 0xf8, 0x2f, 0xff, 0xff, 0x82, 0xff, 0xff, 0xf8, 0x2f, 0xff,
    0xff, 0x82, 0xff, 0xff, 0xf8, 0x2f, 0xff, 0xff, 0x82, 0xff, 0xff, 0xf8, 0x2f, 0xff, 0xff, 0x82,
    0xff, 0xff, 0xf8, 0x2f, 0xff, 0xff, 0x82, 0xff, 0xff, 0xf8, 0x2f, 0xff, 0xff, 0x82, 0xff, 0xff,
    0xf8, 0x2f, 0xff, 0xff, 0x82, 0xff, 0xff, 0xf8, 0x2f, 0xff, 0xff, 0x82, 0xff, 0xff, 0xf8, 0x2f,
    0xff, 0xff, 0x82, 0xff, 0xff, 0xf8, 0x2f, 0xff, 0xff, 0x82, 0xff, 0xff, 0xf8, 0x2f, 0xff, 0xff,
    0x82, 0xff, 0xff, 0xf8, 0x2f, 0xff, 0xff, 0x82, 0xff, 0xff, 0xf8, 0x2f, 0xff, 0xff, 0x82, 0xff,
    0xff, 0xf8, 0x2f, 0xff, 0xff, 0x81, 0xff, 0xff, 0xf7, 0xcf, 0xff, 0xec, 0x70, 0x00, 0x00, 0xdf,
    0xff, 0xff, 0xfb, 0x00, 0x00, 0xdf, 0xff, 0xff, 0xff, 0x60, 0x00, 0xdf, 0xff, 0xff, 0xff, 0xb0,
    0x00, 0xae, 0xff, 0xff, 0xff, 0xd0, 0x00, 0x00, 0x6f, 0xff, 0xff, 0xe0, 0x00, 0x00, 0x0d, 0xff,
    0xff, 0xe0, 0x00, 0x00, 0x0b, 0xff, 0xff, 0xe0, 0x00, 0x00, 0x0b, 0xff, 0xff, 0xe0, 0x00, 0x00,
    0x0b, 0xff, 0xff, 0xe0, 0x00, 0x00, 0x0b, 0xff, 0xff, 0xe0, 0x00, 0x00, 0x0b, 0xff, 0xff, 0xe0,
    0x00, 0x00, 0x0b, 0xff, 0xff, 0xe0, 0x00, 0x00, 0x0b, 0xff, 0xff, 0xe0, 0x00, 0x00, 0x0a, 0xff,
    0xff, 0xf1, 0x00, 0x00, 0x09, 0xff, 0xff, 0xf7, 0x00, 0x00, 0x06, 0xff, 0xff, 0xff, 0x93, 0x00,
    0x01, 0xef, 0xff, 0xff, 0xfa, 0x00, 0x00, 0x3d, 0xff, 0xff, 0xfa, 0x00, 0x00, 0x2c, 0xff, 0xff,
    0xfa, 0x00, 0x00, 0xcf, 0xff, 0xff, 0xf9, 0x00, 0x05, 0xff, 0xff, 0xfe, 0x61, 0x00, 0x09, 0xff,
    0xff, 0xf5, 0x00, 0x00, 0x0a, 0xff, 0xff, 0xf1, 0x00, 0x00, 0x0b, 0xff, 0xff, 0xe0, 0x00, 0x00,
    0x0b, 0xff, 0xff, 0xe0, 0x00, 0x00, 0x0b, 0xff, 0xff, 0xe0, 0x00, 0x00, 0x0b, 0xff, 0xff, 0xe0,
    0x00, 0x00, 0x0b, 0xff, 0xff, 0xe0, 0x00, 0x00, 0x0b, 0xff, 0xff, 0xe0, 0x00, 0x00, 0x0b, 0xff,
    0xff, 0xe0, 0x00, 0x00, 0x0d, 0xff, 0xff, 0xe0, 0x00, 0x00, 0x6f, 0xff, 0xff, 0xe0, 0x00, 0xae,
    0xff, 0xff, 0xff, 0xd0, 0x00, 0xdf, 0xff, 0xff, 0xff, 0xb0, 0x00, 0xdf, 0xff, 0xff, 0xff, 0x60,
    0x00, 0xdf, 0xff, 0xff, 0xfb, 0x00, 0x00, 0xcf, 0xff, 0xfc, 0x70, 0x00, 0x00, 0x00, 0x18, 0xdf,
    0xd9, 0x20, 0x00, 0x01, 0x60, 0x00, 0x02, 0xdf, 0xff, 0xff, 0xf9, 0x20, 0x1b, 0xfc, 0x40, 0x1d,
    0xff, 0xff, 0xff, 0xff, 0xfd, 0xff, 0xff, 0xf5, 0x8f, 0xff, 0xff, 0xff, 0xff, 0xff, 0xff, 0xff,
    0xe2, 0xdf, 0xff, 0xfe, 0xef, 0xff, 0xff, 0xff, 0xff, 0x60, 0x2a, 0xff, 0x60, 0x04, 0xcf, 0xff,
    0xff, 0xf7, 0x00, 0x00, 0x44, 0x00, 0x00, 0x05, 0xbe, 0xfb, 0x40, 0x00, 0x05, 0xce, 0xc5, 0x03,
    0xff, 0xff, 0xf4, 0x8f, 0xff, 0xff, 0x98, 0xff, 0xff, 0xf9, 0x3f, 0xff, 0xff, 0x40, 0x5c, 0xec,
    0x50, 0x0c, 0xdd, 0xdd, 0xdd, 0xdd, 0xdd, 0xdd, 0x31, 0xff, 0xff, 0xff, 0xff, 0xff, 0xff, 0xf4,
    0x1f, 0xff, 0xff, 0xff, 0xff, 0xff, 0xff, 0x41, 0xff, 0xff, 0xff, 0xff, 0xff, 0xff, 0xf4, 0x0e,
    0xff, 0xff, 0xff, 0xff, 0xff, 0xff, 0x30,
};

static const lv_font_fmt_txt_glyph_dsc_t glyph_dsc[] = {
    {.bitmap_index = 0, .adv_w = 0, .box_w = 0, .box_h = 0, .ofs_x = 0, .ofs_y = 0}, /* id 0 reserved */
    {.bitmap_index = 0, .adv_w = 128, .box_w = 0, .box_h = 0, .ofs_x = 0, .ofs_y = 0}, /* U+0020 ' ' */
    {.bitmap_index = 0, .adv_w = 176, .box_w = 7, .box_h = 28, .ofs_x = 2, .ofs_y = 0}, /* U+0021 '!' */
    {.bitmap_index = 98, .adv_w = 224, .box_w = 14, .box_h = 9, .ofs_x = 0, .ofs_y = 19}, /* U+0022 '"' */
    {.bitmap_index = 161, .adv_w = 400, .box_w = 23, .box_h = 27, .ofs_x = 1, .ofs_y = 1}, /* U+0023 '#' */
    {.bitmap_index = 472, .adv_w = 288, .box_w = 16, .box_h = 35, .ofs_x = 1, .ofs_y = -3}, /* U+0024 '$' */
    {.bitmap_index = 752, .adv_w = 496, .box_w = 28, .box_h = 28, .ofs_x = 1, .ofs_y = 0}, /* U+0025 '%' */
    {.bitmap_index = 1144, .adv_w = 384, .box_w = 22, .box_h = 28, .ofs_x = 1, .ofs_y = 0}, /* U+0026 '&' */
    {.bitmap_index = 1452, .adv_w = 112, .box_w = 7, .box_h = 9, .ofs_x = 0, .ofs_y = 19}, /* U+0027 ''' */
    {.bitmap_index = 1484, .adv_w = 192, .box_w = 10, .box_h = 34, .ofs_x = 0, .ofs_y = -4}, /* U+0028 '(' */
    {.bitmap_index = 1654, .adv_w = 192, .box_w = 11, .box_h = 34, .ofs_x = 2, .ofs_y = -4}, /* U+0029 ')' */
    {.bitmap_index = 1841, .adv_w = 224, .box_w = 14, .box_h = 14, .ofs_x = 0, .ofs_y = 16}, /* U+002A '?' */
    {.bitmap_index = 1939, .adv_w = 288, .box_w = 17, .box_h = 16, .ofs_x = 0, .ofs_y = 5}, /* U+002B '+' */
    {.bitmap_index = 2075, .adv_w = 128, .box_w = 6, .box_h = 10, .ofs_x = 1, .ofs_y = -4}, /* U+002C ',' */
    {.bitmap_index = 2105, .adv_w = 208, .box_w = 13, .box_h = 5, .ofs_x = 0, .ofs_y = 9}, /* U+002D '-' */
    {.bitmap_index = 2138, .adv_w = 144, .box_w = 7, .box_h = 6, .ofs_x = 1, .ofs_y = 0}, /* U+002E '.' */
    {.bitmap_index = 2159, .adv_w = 272, .box_w = 15, .box_h = 28, .ofs_x = 0, .ofs_y = 0}, /* U+002F '?' */
    {.bitmap_index = 2369, .adv_w = 288, .box_w = 16, .box_h = 28, .ofs_x = 1, .ofs_y = 0}, /* U+0030 '0' */
    {.bitmap_index = 2593, .adv_w = 176, .box_w = 10, .box_h = 28, .ofs_x = 0, .ofs_y = 0}, /* U+0031 '1' */
    {.bitmap_index = 2733, .adv_w = 288, .box_w = 17, .box_h = 28, .ofs_x = 0, .ofs_y = 0}, /* U+0032 '2' */
    {.bitmap_index = 2971, .adv_w = 272, .box_w = 17, .box_h = 28, .ofs_x = 0, .ofs_y = 0}, /* U+0033 '3' */
    {.bitmap_index = 3209, .adv_w = 304, .box_w = 19, .box_h = 28, .ofs_x = 0, .ofs_y = 0}, /* U+0034 '4' */
    {.bitmap_index = 3475, .adv_w = 288, .box_w = 16, .box_h = 28, .ofs_x = 1, .ofs_y = 0}, /* U+0035 '5' */
    {.bitmap_index = 3699, .adv_w = 288, .box_w = 16, .box_h = 28, .ofs_x = 1, .ofs_y = 0}, /* U+0036 '6' */
    {.bitmap_index = 3923, .adv_w = 256, .box_w = 16, .box_h = 28, .ofs_x = 0, .ofs_y = 0}, /* U+0037 '7' */
    {.bitmap_index = 4147, .adv_w = 288, .box_w = 16, .box_h = 28, .ofs_x = 1, .ofs_y = 0}, /* U+0038 '8' */
    {.bitmap_index = 4371, .adv_w = 272, .box_w = 17, .box_h = 28, .ofs_x = 0, .ofs_y = 0}, /* U+0039 '9' */
    {.bitmap_index = 4609, .adv_w = 176, .box_w = 7, .box_h = 19, .ofs_x = 2, .ofs_y = 0}, /* U+003A ':' */
    {.bitmap_index = 4676, .adv_w = 144, .box_w = 7, .box_h = 23, .ofs_x = 1, .ofs_y = -4}, /* U+003B ';' */
    {.bitmap_index = 4757, .adv_w = 288, .box_w = 17, .box_h = 19, .ofs_x = 0, .ofs_y = 2}, /* U+003C '<' */
    {.bitmap_index = 4919, .adv_w = 288, .box_w = 17, .box_h = 11, .ofs_x = 0, .ofs_y = 7}, /* U+003D '=' */
    {.bitmap_index = 5013, .adv_w = 288, .box_w = 17, .box_h = 19, .ofs_x = 0, .ofs_y = 2}, /* U+003E '>' */
    {.bitmap_index = 5175, .adv_w = 272, .box_w = 17, .box_h = 28, .ofs_x = 0, .ofs_y = 0}, /* U+003F '?' */
    {.bitmap_index = 5413, .adv_w = 480, .box_w = 29, .box_h = 30, .ofs_x = 1, .ofs_y = -3}, /* U+0040 '@' */
    {.bitmap_index = 5848, .adv_w = 304, .box_w = 19, .box_h = 28, .ofs_x = 0, .ofs_y = 0}, /* U+0041 'A' */
    {.bitmap_index = 6114, .adv_w = 304, .box_w = 17, .box_h = 28, .ofs_x = 1, .ofs_y = 0}, /* U+0042 'B' */
    {.bitmap_index = 6352, .adv_w = 304, .box_w = 17, .box_h = 28, .ofs_x = 1, .ofs_y = 0}, /* U+0043 'C' */
    {.bitmap_index = 6590, .adv_w = 304, .box_w = 17, .box_h = 28, .ofs_x = 1, .ofs_y = 0}, /* U+0044 'D' */
    {.bitmap_index = 6828, .adv_w = 288, .box_w = 16, .box_h = 28, .ofs_x = 1, .ofs_y = 0}, /* U+0045 'E' */
    {.bitmap_index = 7052, .adv_w = 272, .box_w = 16, .box_h = 28, .ofs_x = 1, .ofs_y = 0}, /* U+0046 'F' */
    {.bitmap_index = 7276, .adv_w = 304, .box_w = 17, .box_h = 28, .ofs_x = 1, .ofs_y = 0}, /* U+0047 'G' */
    {.bitmap_index = 7514, .adv_w = 304, .box_w = 17, .box_h = 28, .ofs_x = 1, .ofs_y = 0}, /* U+0048 'H' */
    {.bitmap_index = 7752, .adv_w = 144, .box_w = 7, .box_h = 28, .ofs_x = 1, .ofs_y = 0}, /* U+0049 'I' */
    {.bitmap_index = 7850, .adv_w = 288, .box_w = 17, .box_h = 28, .ofs_x = 0, .ofs_y = 0}, /* U+004A 'J' */
    {.bitmap_index = 8088, .adv_w = 320, .box_w = 18, .box_h = 28, .ofs_x = 1, .ofs_y = 0}, /* U+004B 'K' */
    {.bitmap_index = 8340, .adv_w = 272, .box_w = 16, .box_h = 28, .ofs_x = 1, .ofs_y = 0}, /* U+004C 'L' */
    {.bitmap_index = 8564, .adv_w = 352, .box_w = 20, .box_h = 28, .ofs_x = 1, .ofs_y = 0}, /* U+004D 'M' */
    {.bitmap_index = 8844, .adv_w = 336, .box_w = 18, .box_h = 28, .ofs_x = 1, .ofs_y = 0}, /* U+004E 'N' */
    {.bitmap_index = 9096, .adv_w = 304, .box_w = 17, .box_h = 28, .ofs_x = 1, .ofs_y = 0}, /* U+004F 'O' */
    {.bitmap_index = 9334, .adv_w = 304, .box_w = 17, .box_h = 28, .ofs_x = 1, .ofs_y = 0}, /* U+0050 'P' */
    {.bitmap_index = 9572, .adv_w = 288, .box_w = 17, .box_h = 32, .ofs_x = 1, .ofs_y = -4}, /* U+0051 'Q' */
    {.bitmap_index = 9844, .adv_w = 304, .box_w = 17, .box_h = 28, .ofs_x = 1, .ofs_y = 0}, /* U+0052 'R' */
    {.bitmap_index = 10082, .adv_w = 288, .box_w = 16, .box_h = 28, .ofs_x = 1, .ofs_y = 0}, /* U+0053 'S' */
    {.bitmap_index = 10306, .adv_w = 304, .box_w = 18, .box_h = 28, .ofs_x = 0, .ofs_y = 0}, /* U+0054 'T' */
    {.bitmap_index = 10558, .adv_w = 304, .box_w = 17, .box_h = 28, .ofs_x = 1, .ofs_y = 0}, /* U+0055 'U' */
    {.bitmap_index = 10796, .adv_w = 320, .box_w = 19, .box_h = 28, .ofs_x = 0, .ofs_y = 0}, /* U+0056 'V' */
    {.bitmap_index = 11062, .adv_w = 448, .box_w = 27, .box_h = 28, .ofs_x = 0, .ofs_y = 0}, /* U+0057 'W' */
    {.bitmap_index = 11440, .adv_w = 304, .box_w = 17, .box_h = 28, .ofs_x = 1, .ofs_y = 0}, /* U+0058 'X' */
    {.bitmap_index = 11678, .adv_w = 304, .box_w = 17, .box_h = 28, .ofs_x = 1, .ofs_y = 0}, /* U+0059 'Y' */
    {.bitmap_index = 11916, .adv_w = 256, .box_w = 16, .box_h = 28, .ofs_x = 0, .ofs_y = 0}, /* U+005A 'Z' */
    {.bitmap_index = 12140, .adv_w = 224, .box_w = 10, .box_h = 38, .ofs_x = 1, .ofs_y = -6}, /* U+005B '[' */
    {.bitmap_index = 12330, .adv_w = 272, .box_w = 15, .box_h = 28, .ofs_x = 1, .ofs_y = 0}, /* U+005C '?' */
    {.bitmap_index = 12540, .adv_w = 224, .box_w = 10, .box_h = 38, .ofs_x = 3, .ofs_y = -6}, /* U+005D ']' */
    {.bitmap_index = 12730, .adv_w = 272, .box_w = 15, .box_h = 16, .ofs_x = 1, .ofs_y = 12}, /* U+005E '^' */
    {.bitmap_index = 12850, .adv_w = 272, .box_w = 17, .box_h = 5, .ofs_x = 0, .ofs_y = 0}, /* U+005F '_' */
    {.bitmap_index = 12893, .adv_w = 144, .box_w = 8, .box_h = 5, .ofs_x = 0, .ofs_y = 23}, /* U+0060 '`' */
    {.bitmap_index = 12913, .adv_w = 288, .box_w = 17, .box_h = 21, .ofs_x = 0, .ofs_y = 0}, /* U+0061 'a' */
    {.bitmap_index = 13092, .adv_w = 288, .box_w = 16, .box_h = 28, .ofs_x = 1, .ofs_y = 0}, /* U+0062 'b' */
    {.bitmap_index = 13316, .adv_w = 272, .box_w = 16, .box_h = 21, .ofs_x = 1, .ofs_y = 0}, /* U+0063 'c' */
    {.bitmap_index = 13484, .adv_w = 288, .box_w = 16, .box_h = 28, .ofs_x = 1, .ofs_y = 0}, /* U+0064 'd' */
    {.bitmap_index = 13708, .adv_w = 272, .box_w = 16, .box_h = 21, .ofs_x = 1, .ofs_y = 0}, /* U+0065 'e' */
    {.bitmap_index = 13876, .adv_w = 192, .box_w = 12, .box_h = 28, .ofs_x = 0, .ofs_y = 0}, /* U+0066 'f' */
    {.bitmap_index = 14044, .adv_w = 288, .box_w = 16, .box_h = 29, .ofs_x = 1, .ofs_y = -8}, /* U+0067 'g' */
    {.bitmap_index = 14276, .adv_w = 288, .box_w = 16, .box_h = 28, .ofs_x = 1, .ofs_y = 0}, /* U+0068 'h' */
    {.bitmap_index = 14500, .adv_w = 144, .box_w = 7, .box_h = 29, .ofs_x = 1, .ofs_y = 0}, /* U+0069 'i' */
    {.bitmap_index = 14602, .adv_w = 144, .box_w = 11, .box_h = 38, .ofs_x = -3, .ofs_y = -8}, /* U+006A 'j' */
    {.bitmap_index = 14811, .adv_w = 288, .box_w = 17, .box_h = 28, .ofs_x = 1, .ofs_y = 0}, /* U+006B 'k' */
    {.bitmap_index = 15049, .adv_w = 128, .box_w = 6, .box_h = 28, .ofs_x = 1, .ofs_y = 0}, /* U+006C 'l' */
    {.bitmap_index = 15133, .adv_w = 432, .box_w = 25, .box_h = 21, .ofs_x = 1, .ofs_y = 0}, /* U+006D 'm' */
    {.bitmap_index = 15396, .adv_w = 288, .box_w = 16, .box_h = 21, .ofs_x = 1, .ofs_y = 0}, /* U+006E 'n' */
    {.bitmap_index = 15564, .adv_w = 288, .box_w = 16, .box_h = 21, .ofs_x = 1, .ofs_y = 0}, /* U+006F 'o' */
    {.bitmap_index = 15732, .adv_w = 288, .box_w = 16, .box_h = 28, .ofs_x = 1, .ofs_y = -7}, /* U+0070 'p' */
    {.bitmap_index = 15956, .adv_w = 288, .box_w = 16, .box_h = 28, .ofs_x = 1, .ofs_y = -7}, /* U+0071 'q' */
    {.bitmap_index = 16180, .adv_w = 208, .box_w = 12, .box_h = 21, .ofs_x = 1, .ofs_y = 0}, /* U+0072 'r' */
    {.bitmap_index = 16306, .adv_w = 256, .box_w = 15, .box_h = 21, .ofs_x = 1, .ofs_y = 0}, /* U+0073 's' */
    {.bitmap_index = 16464, .adv_w = 192, .box_w = 11, .box_h = 26, .ofs_x = 0, .ofs_y = 0}, /* U+0074 't' */
    {.bitmap_index = 16607, .adv_w = 288, .box_w = 16, .box_h = 21, .ofs_x = 1, .ofs_y = 0}, /* U+0075 'u' */
    {.bitmap_index = 16775, .adv_w = 272, .box_w = 17, .box_h = 21, .ofs_x = 0, .ofs_y = 0}, /* U+0076 'v' */
    {.bitmap_index = 16954, .adv_w = 400, .box_w = 24, .box_h = 21, .ofs_x = 0, .ofs_y = 0}, /* U+0077 'w' */
    {.bitmap_index = 17206, .adv_w = 288, .box_w = 17, .box_h = 21, .ofs_x = 0, .ofs_y = 0}, /* U+0078 'x' */
    {.bitmap_index = 17385, .adv_w = 272, .box_w = 17, .box_h = 29, .ofs_x = 0, .ofs_y = -8}, /* U+0079 'y' */
    {.bitmap_index = 17632, .adv_w = 240, .box_w = 15, .box_h = 21, .ofs_x = 0, .ofs_y = 0}, /* U+007A 'z' */
    {.bitmap_index = 17790, .adv_w = 224, .box_w = 12, .box_h = 38, .ofs_x = 1, .ofs_y = -6}, /* U+007B '{' */
    {.bitmap_index = 18018, .adv_w = 112, .box_w = 7, .box_h = 34, .ofs_x = 0, .ofs_y = -3}, /* U+007C '|' */
    {.bitmap_index = 18137, .adv_w = 224, .box_w = 12, .box_h = 38, .ofs_x = 1, .ofs_y = -6}, /* U+007D '}' */
    {.bitmap_index = 18365, .adv_w = 320, .box_w = 18, .box_h = 7, .ofs_x = 1, .ofs_y = 8}, /* U+007E '~' */
    {.bitmap_index = 18428, .adv_w = 144, .box_w = 7, .box_h = 6, .ofs_x = 1, .ofs_y = 9}, /* U+00B7 '·' */
    {.bitmap_index = 18449, .adv_w = 240, .box_w = 15, .box_h = 5, .ofs_x = 0, .ofs_y = 9}, /* U+2013 '–' */
};

static const lv_font_fmt_txt_cmap_t cmaps[] = {
    {.range_start = 32, .range_length = 95, .glyph_id_start = 1, .unicode_list = NULL, .glyph_id_ofs_list = NULL, .list_length = 0, .type = LV_FONT_FMT_TXT_CMAP_FORMAT0_TINY},
    {.range_start = 183, .range_length = 1, .glyph_id_start = 96, .unicode_list = NULL, .glyph_id_ofs_list = NULL, .list_length = 0, .type = LV_FONT_FMT_TXT_CMAP_FORMAT0_TINY},
    {.range_start = 8211, .range_length = 1, .glyph_id_start = 97, .unicode_list = NULL, .glyph_id_ofs_list = NULL, .list_length = 0, .type = LV_FONT_FMT_TXT_CMAP_FORMAT0_TINY},
};

static const lv_font_fmt_txt_dsc_t font_dsc = {
    .glyph_bitmap = glyph_bitmap, .glyph_dsc = glyph_dsc, .cmaps = cmaps, .kern_dsc = NULL,
    .kern_scale = 0, .cmap_num = 3, .bpp = 4, .kern_classes = 0, .bitmap_format = 0,
};

const lv_font_t barlow_cond_bold_40 = {
    .get_glyph_dsc = lv_font_get_glyph_dsc_fmt_txt,
    .get_glyph_bitmap = lv_font_get_bitmap_fmt_txt,
    .line_height = 48, .base_line = 8,
    .subpx = LV_FONT_SUBPX_NONE, .underline_position = -2, .underline_thickness = 1,
    .dsc = &font_dsc, .fallback = NULL, .user_data = NULL
};

#endif /* BARLOW_COND_BOLD_40 */
